source,parent_index,coordinate,delta,parent_valid,variant_valid,variant_reason,transition,silent_genotype,weights_changed,active_sites_changed,cost_change,behavior_tv
83000,0,0,-1,True,True,developed,valid_to_valid,False,False,False,0,0
83000,0,0,1,True,True,developed,valid_to_valid,False,False,False,0,0
83000,0,1,-1,True,True,developed,valid_to_valid,False,False,False,0,0
83000,0,1,1,True,True,developed,valid_to_valid,False,False,False,0,0
83000,0,2,-1,True,True,developed,valid_to_valid,False,True,True,0,0
83000,0,2,1,True,True,developed,valid_to_valid,True,False,False,0,0
83000,0,3,-1,True,True,developed,valid_to_valid,False,True,False,0,0
83000,0,3,1,True,True,developed,valid_to_valid,False,True,False,0,0
83000,0,4,-1,True,True,developed,valid_to_valid,False,False,False,0,0
83000,0,4,1,True,True,developed,valid_to_valid,False,False,False,0,0
83000,0,5,-1,True,True,developed,valid_to_valid,False,False,False,0,0
83000,0,5,1,True,True,developed,valid_to_valid,False,False,False,0,0
83000,0,6,-1,True,True,developed,valid_to_valid,True,False,False,0,0
83000,0,6,1,True,True,developed,valid_to_valid,False,True,False,0,0
83000,0,7,-1,True,True,developed,valid_to_valid,False,True,False,0,0
83000,0,7,1,True,True,developed,valid_to_valid,True,False,False,0,0
83000,0,8,-1,True,True,developed,valid_to_valid,False,False,False,0,0
83000,0,8,1,True,True,developed,valid_to_valid,False,False,False,0,0
83000,0,9,-1,True,True,developed,valid_to_valid,False,True,True,-33,9/32
83000,0,9,1,True,True,developed,valid_to_valid,False,True,False,35,0
83000,1,0,-1,True,True,developed,valid_to_valid,False,True,True,-3,1/10
83000,1,0,1,True,True,developed,valid_to_valid,False,True,True,-1,0
83000,1,1,-1,True,True,developed,valid_to_valid,False,False,False,0,0
83000,1,1,1,True,True,developed,valid_to_valid,False,False,False,0,0
83000,1,2,-1,True,True,developed,valid_to_valid,False,True,True,1,13/40
83000,1,2,1,True,True,developed,valid_to_valid,False,True,True,-1,9/40
83000,1,3,-1,True,True,developed,valid_to_valid,False,True,False,0,0
83000,1,3,1,True,True,developed,valid_to_valid,False,False,False,0,0
83000,1,4,-1,True,True,developed,valid_to_valid,False,True,True,1,1/8
83000,1,4,1,True,True,developed,valid_to_valid,False,True,True,0,0
83000,1,5,-1,True,True,developed,valid_to_valid,False,False,False,0,0
83000,1,5,1,True,True,developed,valid_to_valid,False,False,False,0,0
83000,1,6,-1,True,True,developed,valid_to_valid,False,True,True,-6,1/5
83000,1,6,1,True,True,developed,valid_to_valid,False,True,True,2,0
83000,1,7,-1,True,True,developed,valid_to_valid,True,False,False,0,0
83000,1,7,1,True,True,developed,valid_to_valid,False,True,True,-5,1/5
83000,1,8,-1,True,True,developed,valid_to_valid,False,True,True,2,0
83000,1,8,1,True,True,developed,valid_to_valid,False,True,True,-1,1/10
83000,1,9,-1,True,True,developed,valid_to_valid,False,True,False,-35,0
83000,1,9,1,True,True,developed,valid_to_valid,False,True,False,35,0
83000,2,0,-1,True,True,developed,valid_to_valid,False,False,False,0,0
83000,2,0,1,True,True,developed,valid_to_valid,False,False,False,0,0
83000,2,1,-1,True,True,developed,valid_to_valid,False,False,False,0,0
83000,2,1,1,True,True,developed,valid_to_valid,False,False,False,0,0
83000,2,2,-1,True,True,developed,valid_to_valid,False,True,True,0,3/4
83000,2,2,1,True,True,developed,valid_to_valid,False,True,True,0,1
83000,2,3,-1,True,True,developed,valid_to_valid,False,True,False,0,0
83000,2,3,1,True,True,developed,valid_to_valid,False,True,False,0,0
83000,2,4,-1,True,True,developed,valid_to_valid,False,True,True,0,0
83000,2,4,1,True,True,developed,valid_to_valid,False,True,True,0,0
83000,2,5,-1,True,True,developed,valid_to_valid,False,True,False,0,0
83000,2,5,1,True,True,developed,valid_to_valid,False,True,False,0,0
83000,2,6,-1,True,True,developed,valid_to_valid,True,False,False,0,0
83000,2,6,1,True,False,empty_structure,valid_to_invalid,False,True,True,-2,
83000,2,7,-1,True,True,developed,valid_to_valid,False,True,False,0,0
83000,2,7,1,True,True,developed,valid_to_valid,False,True,False,0,0
83000,2,8,-1,True,True,developed,valid_to_valid,False,False,False,0,0
83000,2,8,1,True,True,developed,valid_to_valid,False,False,False,0,0
83000,2,9,-1,True,True,developed,valid_to_valid,False,True,False,-35,0
83000,2,9,1,True,True,developed,valid_to_valid,False,True,False,35,0
83000,3,0,-1,False,False,empty_structure,invalid_to_invalid,False,False,False,0,
83000,3,0,1,False,False,empty_structure,invalid_to_invalid,False,False,False,0,
83000,3,1,-1,False,False,empty_structure,invalid_to_invalid,False,False,False,0,
83000,3,1,1,False,False,empty_structure,invalid_to_invalid,False,False,False,0,
83000,3,2,-1,False,False,empty_structure,invalid_to_invalid,False,False,False,0,
83000,3,2,1,False,False,empty_structure,invalid_to_invalid,False,False,False,0,
83000,3,3,-1,False,False,empty_structure,invalid_to_invalid,False,False,False,0,
83000,3,3,1,False,False,empty_structure,invalid_to_invalid,False,False,False,0,
83000,3,4,-1,False,False,empty_structure,invalid_to_invalid,False,False,False,0,
83000,3,4,1,False,False,empty_structure,invalid_to_invalid,False,False,False,0,
83000,3,5,-1,False,False,empty_structure,invalid_to_invalid,False,False,False,0,
83000,3,5,1,False,False,empty_structure,invalid_to_invalid,False,False,False,0,
83000,3,6,-1,False,False,empty_structure,invalid_to_invalid,False,False,False,0,
83000,3,6,1,False,False,empty_structure,invalid_to_invalid,False,False,False,0,
83000,3,7,-1,False,False,empty_structure,invalid_to_invalid,False,False,False,0,
83000,3,7,1,False,False,empty_structure,invalid_to_invalid,False,False,False,0,
83000,3,8,-1,False,False,empty_structure,invalid_to_invalid,False,False,False,0,
83000,3,8,1,False,False,empty_structure,invalid_to_invalid,False,False,False,0,
83000,3,9,-1,False,False,empty_structure,invalid_to_invalid,False,False,False,-35,
83000,3,9,1,False,False,empty_structure,invalid_to_invalid,False,False,False,35,
83000,4,0,-1,True,True,developed,valid_to_valid,False,True,True,0,9/160
83000,4,0,1,True,True,developed,valid_to_valid,False,True,True,0,1/20
83000,4,1,-1,True,True,developed,valid_to_valid,False,True,False,0,0
83000,4,1,1,True,True,developed,valid_to_valid,False,True,False,0,0
83000,4,2,-1,True,True,developed,valid_to_valid,False,False,False,0,0
83000,4,2,1,True,True,developed,valid_to_valid,False,False,False,0,0
83000,4,3,-1,True,True,developed,valid_to_valid,False,False,False,0,0
83000,4,3,1,True,True,developed,valid_to_valid,False,False,False,0,0
83000,4,4,-1,True,True,developed,valid_to_valid,True,False,False,0,0
83000,4,4,1,True,True,developed,valid_to_valid,False,True,True,0,9/160
83000,4,5,-1,True,True,developed,valid_to_valid,False,True,False,0,0
83000,4,5,1,True,True,developed,valid_to_valid,False,True,False,0,0
83000,4,6,-1,True,True,developed,valid_to_valid,True,False,False,0,0
83000,4,6,1,True,True,developed,valid_to_valid,False,True,True,-1,7/80
83000,4,7,-1,True,True,developed,valid_to_valid,True,False,False,0,0
83000,4,7,1,True,True,developed,valid_to_valid,False,True,False,0,0
83000,4,8,-1,True,True,developed,valid_to_valid,False,False,False,0,0
83000,4,8,1,True,True,developed,valid_to_valid,False,False,False,0,0
83000,4,9,-1,True,True,developed,valid_to_valid,False,False,False,-35,0
83000,4,9,1,True,True,developed,valid_to_valid,False,False,False,35,0
83001,0,0,-1,False,False,empty_structure,invalid_to_invalid,False,False,False,0,
83001,0,0,1,False,False,empty_structure,invalid_to_invalid,False,False,False,0,
83001,0,1,-1,False,False,empty_structure,invalid_to_invalid,False,False,False,0,
83001,0,1,1,False,False,empty_structure,invalid_to_invalid,False,False,False,0,
83001,0,2,-1,False,False,empty_structure,invalid_to_invalid,False,False,False,0,
83001,0,2,1,False,False,empty_structure,invalid_to_invalid,False,False,False,0,
83001,0,3,-1,False,False,empty_structure,invalid_to_invalid,False,False,False,0,
83001,0,3,1,False,False,empty_structure,invalid_to_invalid,False,False,False,0,
83001,0,4,-1,False,False,empty_structure,invalid_to_invalid,False,False,False,0,
83001,0,4,1,False,False,empty_structure,invalid_to_invalid,False,False,False,0,
83001,0,5,-1,False,False,empty_structure,invalid_to_invalid,False,False,False,0,
83001,0,5,1,False,False,empty_structure,invalid_to_invalid,False,False,False,0,
83001,0,6,-1,False,False,empty_structure,invalid_to_invalid,False,False,False,0,
83001,0,6,1,False,False,empty_structure,invalid_to_invalid,False,False,False,0,
83001,0,7,-1,False,False,empty_structure,invalid_to_invalid,False,False,False,0,
83001,0,7,1,False,False,empty_structure,invalid_to_invalid,False,False,False,0,
83001,0,8,-1,False,False,empty_structure,invalid_to_invalid,False,False,False,0,
83001,0,8,1,False,False,empty_structure,invalid_to_invalid,False,False,False,0,
83001,0,9,-1,False,False,empty_structure,invalid_to_invalid,False,False,False,-35,
83001,0,9,1,False,False,empty_structure,invalid_to_invalid,False,False,False,35,
83001,1,0,-1,True,True,developed,valid_to_valid,False,False,False,0,0
83001,1,0,1,True,True,developed,valid_to_valid,False,False,False,0,0
83001,1,1,-1,True,True,developed,valid_to_valid,False,False,False,0,0
83001,1,1,1,True,True,developed,valid_to_valid,False,False,False,0,0
83001,1,2,-1,True,True,developed,valid_to_valid,False,True,True,0,13/80
83001,1,2,1,True,True,developed,valid_to_valid,False,True,True,0,0
83001,1,3,-1,True,True,developed,valid_to_valid,False,True,False,0,0
83001,1,3,1,True,True,developed,valid_to_valid,False,True,False,0,0
83001,1,4,-1,True,True,developed,valid_to_valid,False,True,True,0,1/16
83001,1,4,1,True,True,developed,valid_to_valid,False,True,True,0,3/32
83001,1,5,-1,True,True,developed,valid_to_valid,False,True,False,0,0
83001,1,5,1,True,True,developed,valid_to_valid,False,True,False,0,0
83001,1,6,-1,True,True,developed,valid_to_valid,True,False,False,0,0
83001,1,6,1,True,True,developed,valid_to_valid,False,True,True,-1,3/32
83001,1,7,-1,True,True,developed,valid_to_valid,False,True,False,0,0
83001,1,7,1,True,True,developed,valid_to_valid,False,True,False,0,0
83001,1,8,-1,True,True,developed,valid_to_valid,False,False,False,0,0
83001,1,8,1,True,True,developed,valid_to_valid,False,False,False,0,0
83001,1,9,-1,True,True,developed,valid_to_valid,False,True,False,-35,0
83001,1,9,1,True,True,developed,valid_to_valid,False,True,True,34,3/32
83001,2,0,-1,False,False,empty_structure,invalid_to_invalid,False,False,False,0,
83001,2,0,1,False,False,empty_structure,invalid_to_invalid,False,False,False,0,
83001,2,1,-1,False,False,empty_structure,invalid_to_invalid,False,False,False,0,
83001,2,1,1,False,False,empty_structure,invalid_to_invalid,False,False,False,0,
83001,2,2,-1,False,False,empty_structure,invalid_to_invalid,False,False,False,0,
83001,2,2,1,False,False,empty_structure,invalid_to_invalid,False,False,False,0,
83001,2,3,-1,False,False,empty_structure,invalid_to_invalid,False,False,False,0,
83001,2,3,1,False,False,empty_structure,invalid_to_invalid,False,False,False,0,
83001,2,4,-1,False,False,empty_structure,invalid_to_invalid,False,False,False,0,
83001,2,4,1,False,False,empty_structure,invalid_to_invalid,False,False,False,0,
83001,2,5,-1,False,False,empty_structure,invalid_to_invalid,False,False,False,0,
83001,2,5,1,False,False,empty_structure,invalid_to_invalid,False,False,False,0,
83001,2,6,-1,False,False,empty_structure,invalid_to_invalid,False,False,False,0,
83001,2,6,1,False,False,empty_structure,invalid_to_invalid,False,False,False,0,
83001,2,7,-1,False,False,empty_structure,invalid_to_invalid,False,False,False,0,
83001,2,7,1,False,False,empty_structure,invalid_to_invalid,False,False,False,0,
83001,2,8,-1,False,False,empty_structure,invalid_to_invalid,False,False,False,0,
83001,2,8,1,False,False,empty_structure,invalid_to_invalid,False,False,False,0,
83001,2,9,-1,False,False,empty_structure,invalid_to_invalid,False,False,False,-35,
83001,2,9,1,False,False,empty_structure,invalid_to_invalid,False,False,False,35,
83001,3,0,-1,False,False,empty_structure,invalid_to_invalid,False,False,False,0,
83001,3,0,1,False,False,empty_structure,invalid_to_invalid,False,False,False,0,
83001,3,1,-1,False,False,empty_structure,invalid_to_invalid,False,False,False,0,
83001,3,1,1,False,False,empty_structure,invalid_to_invalid,False,False,False,0,
83001,3,2,-1,False,False,empty_structure,invalid_to_invalid,False,False,False,0,
83001,3,2,1,False,False,empty_structure,invalid_to_invalid,False,False,False,0,
83001,3,3,-1,False,False,empty_structure,invalid_to_invalid,False,False,False,0,
83001,3,3,1,False,False,empty_structure,invalid_to_invalid,False,False,False,0,
83001,3,4,-1,False,False,empty_structure,invalid_to_invalid,False,False,False,0,
83001,3,4,1,False,False,empty_structure,invalid_to_invalid,False,False,False,0,
83001,3,5,-1,False,False,empty_structure,invalid_to_invalid,False,False,False,0,
83001,3,5,1,False,False,empty_structure,invalid_to_invalid,False,False,False,0,
83001,3,6,-1,False,False,empty_structure,invalid_to_invalid,False,False,False,0,
83001,3,6,1,False,False,empty_structure,invalid_to_invalid,True,False,False,0,
83001,3,7,-1,False,False,empty_structure,invalid_to_invalid,False,False,False,0,
83001,3,7,1,False,False,empty_structure,invalid_to_invalid,False,False,False,0,
83001,3,8,-1,False,False,empty_structure,invalid_to_invalid,False,False,False,0,
83001,3,8,1,False,False,empty_structure,invalid_to_invalid,False,False,False,0,
83001,3,9,-1,False,False,empty_structure,invalid_to_invalid,False,False,False,-35,
83001,3,9,1,False,False,empty_structure,invalid_to_invalid,False,False,False,35,
83001,4,0,-1,False,False,empty_structure,invalid_to_invalid,False,False,False,0,
83001,4,0,1,False,False,empty_structure,invalid_to_invalid,False,False,False,0,
83001,4,1,-1,False,False,empty_structure,invalid_to_invalid,False,False,False,0,
83001,4,1,1,False,False,empty_structure,invalid_to_invalid,False,False,False,0,
83001,4,2,-1,False,False,empty_structure,invalid_to_invalid,False,False,False,0,
83001,4,2,1,False,False,empty_structure,invalid_to_invalid,False,False,False,0,
83001,4,3,-1,False,False,empty_structure,invalid_to_invalid,False,False,False,0,
83001,4,3,1,False,False,empty_structure,invalid_to_invalid,False,False,False,0,
83001,4,4,-1,False,False,empty_structure,invalid_to_invalid,False,False,False,0,
83001,4,4,1,False,False,empty_structure,invalid_to_invalid,False,False,False,0,
83001,4,5,-1,False,False,empty_structure,invalid_to_invalid,False,False,False,0,
83001,4,5,1,False,False,empty_structure,invalid_to_invalid,False,False,False,0,
83001,4,6,-1,False,False,empty_structure,invalid_to_invalid,False,False,False,0,
83001,4,6,1,False,False,empty_structure,invalid_to_invalid,False,False,False,0,
83001,4,7,-1,False,False,empty_structure,invalid_to_invalid,False,False,False,0,
83001,4,7,1,False,False,empty_structure,invalid_to_invalid,False,False,False,0,
83001,4,8,-1,False,False,empty_structure,invalid_to_invalid,False,False,False,0,
83001,4,8,1,False,False,empty_structure,invalid_to_invalid,False,False,False,0,
83001,4,9,-1,False,False,empty_structure,invalid_to_invalid,False,False,False,-35,
83001,4,9,1,False,False,empty_structure,invalid_to_invalid,False,False,False,35,
83002,0,0,-1,False,False,empty_structure,invalid_to_invalid,False,False,False,0,
83002,0,0,1,False,False,empty_structure,invalid_to_invalid,False,False,False,0,
83002,0,1,-1,False,False,empty_structure,invalid_to_invalid,False,False,False,0,
83002,0,1,1,False,False,empty_structure,invalid_to_invalid,False,False,False,0,
83002,0,2,-1,False,False,empty_structure,invalid_to_invalid,False,False,False,0,
83002,0,2,1,False,False,empty_structure,invalid_to_invalid,False,False,False,0,
83002,0,3,-1,False,False,empty_structure,invalid_to_invalid,False,False,False,0,
83002,0,3,1,False,False,empty_structure,invalid_to_invalid,False,False,False,0,
83002,0,4,-1,False,False,empty_structure,invalid_to_invalid,False,False,False,0,
83002,0,4,1,False,False,empty_structure,invalid_to_invalid,True,False,False,0,
83002,0,5,-1,False,False,empty_structure,invalid_to_invalid,False,False,False,0,
83002,0,5,1,False,False,empty_structure,invalid_to_invalid,False,False,False,0,
83002,0,6,-1,False,False,empty_structure,invalid_to_invalid,False,False,False,0,
83002,0,6,1,False,False,empty_structure,invalid_to_invalid,True,False,False,0,
83002,0,7,-1,False,False,empty_structure,invalid_to_invalid,False,False,False,0,
83002,0,7,1,False,False,empty_structure,invalid_to_invalid,False,False,False,0,
83002,0,8,-1,False,False,empty_structure,invalid_to_invalid,False,False,False,0,
83002,0,8,1,False,False,empty_structure,invalid_to_invalid,False,False,False,0,
83002,0,9,-1,False,False,empty_structure,invalid_to_invalid,False,False,False,-35,
83002,0,9,1,False,False,empty_structure,invalid_to_invalid,False,False,False,35,
83002,1,0,-1,False,False,empty_structure,invalid_to_invalid,False,False,False,0,
83002,1,0,1,False,False,empty_structure,invalid_to_invalid,False,False,False,0,
83002,1,1,-1,False,False,empty_structure,invalid_to_invalid,False,False,False,0,
83002,1,1,1,False,False,empty_structure,invalid_to_invalid,False,False,False,0,
83002,1,2,-1,False,False,empty_structure,invalid_to_invalid,False,False,False,0,
83002,1,2,1,False,False,empty_structure,invalid_to_invalid,False,False,False,0,
83002,1,3,-1,False,False,empty_structure,invalid_to_invalid,False,False,False,0,
83002,1,3,1,False,False,empty_structure,invalid_to_invalid,False,False,False,0,
83002,1,4,-1,False,False,empty_structure,invalid_to_invalid,False,False,False,0,
83002,1,4,1,False,False,empty_structure,invalid_to_invalid,False,False,False,0,
83002,1,5,-1,False,False,empty_structure,invalid_to_invalid,False,False,False,0,
83002,1,5,1,False,False,empty_structure,invalid_to_invalid,False,False,False,0,
83002,1,6,-1,False,False,empty_structure,invalid_to_invalid,False,False,False,0,
83002,1,6,1,False,False,empty_structure,invalid_to_invalid,False,False,False,0,
83002,1,7,-1,False,False,empty_structure,invalid_to_invalid,False,False,False,0,
83002,1,7,1,False,False,empty_structure,invalid_to_invalid,False,False,False,0,
83002,1,8,-1,False,False,empty_structure,invalid_to_invalid,False,False,False,0,
83002,1,8,1,False,False,empty_structure,invalid_to_invalid,False,False,False,0,
83002,1,9,-1,False,False,empty_structure,invalid_to_invalid,False,False,False,-35,
83002,1,9,1,False,False,empty_structure,invalid_to_invalid,False,False,False,35,
83002,2,0,-1,False,False,empty_structure,invalid_to_invalid,False,False,False,0,
83002,2,0,1,False,False,empty_structure,invalid_to_invalid,False,False,False,0,
83002,2,1,-1,False,False,empty_structure,invalid_to_invalid,False,False,False,0,
83002,2,1,1,False,False,empty_structure,invalid_to_invalid,False,False,False,0,
83002,2,2,-1,False,False,empty_structure,invalid_to_invalid,False,False,False,0,
83002,2,2,1,False,False,empty_structure,invalid_to_invalid,False,False,False,0,
83002,2,3,-1,False,False,empty_structure,invalid_to_invalid,False,False,False,0,
83002,2,3,1,False,False,empty_structure,invalid_to_invalid,False,False,False,0,
83002,2,4,-1,False,False,empty_structure,invalid_to_invalid,False,False,False,0,
83002,2,4,1,False,False,empty_structure,invalid_to_invalid,True,False,False,0,
83002,2,5,-1,False,False,empty_structure,invalid_to_invalid,False,False,False,0,
83002,2,5,1,False,False,empty_structure,invalid_to_invalid,False,False,False,0,
83002,2,6,-1,False,True,developed,invalid_to_valid,False,True,True,1,
83002,2,6,1,False,False,empty_structure,invalid_to_invalid,False,False,False,0,
83002,2,7,-1,False,False,empty_structure,invalid_to_invalid,True,False,False,0,
83002,2,7,1,False,False,empty_structure,invalid_to_invalid,False,False,False,0,
83002,2,8,-1,False,False,empty_structure,invalid_to_invalid,False,False,False,0,
83002,2,8,1,False,False,empty_structure,invalid_to_invalid,False,False,False,0,
83002,2,9,-1,False,False,empty_structure,invalid_to_invalid,False,False,False,-35,
83002,2,9,1,False,False,empty_structure,invalid_to_invalid,False,False,False,35,
83002,3,0,-1,False,False,empty_structure,invalid_to_invalid,False,False,False,0,
83002,3,0,1,False,False,empty_structure,invalid_to_invalid,False,False,False,0,
83002,3,1,-1,False,False,empty_structure,invalid_to_invalid,False,False,False,0,
83002,3,1,1,False,False,empty_structure,invalid_to_invalid,False,False,False,0,
83002,3,2,-1,False,False,empty_structure,invalid_to_invalid,False,False,False,0,
83002,3,2,1,False,False,empty_structure,invalid_to_invalid,False,False,False,0,
83002,3,3,-1,False,False,empty_structure,invalid_to_invalid,False,False,False,0,
83002,3,3,1,False,False,empty_structure,invalid_to_invalid,False,False,False,0,
83002,3,4,-1,False,False,empty_structure,invalid_to_invalid,False,False,False,0,
83002,3,4,1,False,False,empty_structure,invalid_to_invalid,False,False,False,0,
83002,3,5,-1,False,False,empty_structure,invalid_to_invalid,False,False,False,0,
83002,3,5,1,False,False,empty_structure,invalid_to_invalid,False,False,False,0,
83002,3,6,-1,False,False,empty_structure,invalid_to_invalid,True,False,False,0,
83002,3,6,1,False,False,empty_structure,invalid_to_invalid,False,False,False,0,
83002,3,7,-1,False,False,empty_structure,invalid_to_invalid,False,False,False,0,
83002,3,7,1,False,False,empty_structure,invalid_to_invalid,False,False,False,0,
83002,3,8,-1,False,False,empty_structure,invalid_to_invalid,False,False,False,0,
83002,3,8,1,False,False,empty_structure,invalid_to_invalid,False,False,False,0,
83002,3,9,-1,False,False,empty_structure,invalid_to_invalid,False,False,False,-35,
83002,3,9,1,False,False,empty_structure,invalid_to_invalid,False,False,False,35,
83002,4,0,-1,False,False,empty_structure,invalid_to_invalid,False,False,False,0,
83002,4,0,1,False,False,empty_structure,invalid_to_invalid,False,False,False,0,
83002,4,1,-1,False,False,empty_structure,invalid_to_invalid,False,False,False,0,
83002,4,1,1,False,False,empty_structure,invalid_to_invalid,False,False,False,0,
83002,4,2,-1,False,False,empty_structure,invalid_to_invalid,False,False,False,0,
83002,4,2,1,False,False,empty_structure,invalid_to_invalid,False,False,False,0,
83002,4,3,-1,False,False,empty_structure,invalid_to_invalid,False,False,False,0,
83002,4,3,1,False,False,empty_structure,invalid_to_invalid,False,False,False,0,
83002,4,4,-1,False,False,empty_structure,invalid_to_invalid,False,False,False,0,
83002,4,4,1,False,False,empty_structure,invalid_to_invalid,False,False,False,0,
83002,4,5,-1,False,False,empty_structure,invalid_to_invalid,False,False,False,0,
83002,4,5,1,False,False,empty_structure,invalid_to_invalid,False,False,False,0,
83002,4,6,-1,False,False,empty_structure,invalid_to_invalid,False,False,False,0,
83002,4,6,1,False,False,empty_structure,invalid_to_invalid,False,False,False,0,
83002,4,7,-1,False,False,empty_structure,invalid_to_invalid,True,False,False,0,
83002,4,7,1,False,False,empty_structure,invalid_to_invalid,False,False,False,0,
83002,4,8,-1,False,False,empty_structure,invalid_to_invalid,False,False,False,0,
83002,4,8,1,False,False,empty_structure,invalid_to_invalid,False,False,False,0,
83002,4,9,-1,False,False,empty_structure,invalid_to_invalid,False,False,False,-35,
83002,4,9,1,False,False,empty_structure,invalid_to_invalid,True,False,False,0,
83003,0,0,-1,False,False,empty_structure,invalid_to_invalid,False,False,False,0,
83003,0,0,1,False,False,empty_structure,invalid_to_invalid,False,False,False,0,
83003,0,1,-1,False,False,empty_structure,invalid_to_invalid,False,False,False,0,
83003,0,1,1,False,False,empty_structure,invalid_to_invalid,False,False,False,0,
83003,0,2,-1,False,False,empty_structure,invalid_to_invalid,False,False,False,0,
83003,0,2,1,False,False,empty_structure,invalid_to_invalid,False,False,False,0,
83003,0,3,-1,False,False,empty_structure,invalid_to_invalid,False,False,False,0,
83003,0,3,1,False,False,empty_structure,invalid_to_invalid,False,False,False,0,
83003,0,4,-1,False,False,empty_structure,invalid_to_invalid,False,False,False,0,
83003,0,4,1,False,False,empty_structure,invalid_to_invalid,False,False,False,0,
83003,0,5,-1,False,False,empty_structure,invalid_to_invalid,False,False,False,0,
83003,0,5,1,False,False,empty_structure,invalid_to_invalid,False,False,False,0,
83003,0,6,-1,False,False,empty_structure,invalid_to_invalid,True,False,False,0,
83003,0,6,1,False,False,empty_structure,invalid_to_invalid,False,False,False,0,
83003,0,7,-1,False,False,empty_structure,invalid_to_invalid,False,False,False,0,
83003,0,7,1,False,False,empty_structure,invalid_to_invalid,False,False,False,0,
83003,0,8,-1,False,False,empty_structure,invalid_to_invalid,False,False,False,0,
83003,0,8,1,False,False,empty_structure,invalid_to_invalid,False,False,False,0,
83003,0,9,-1,False,False,empty_structure,invalid_to_invalid,False,False,False,-35,
83003,0,9,1,False,False,empty_structure,invalid_to_invalid,False,False,False,35,
83003,1,0,-1,False,False,empty_structure,invalid_to_invalid,False,False,False,0,
83003,1,0,1,False,False,empty_structure,invalid_to_invalid,False,False,False,0,
83003,1,1,-1,False,False,empty_structure,invalid_to_invalid,False,False,False,0,
83003,1,1,1,False,False,empty_structure,invalid_to_invalid,False,False,False,0,
83003,1,2,-1,False,False,empty_structure,invalid_to_invalid,False,False,False,0,
83003,1,2,1,False,False,empty_structure,invalid_to_invalid,False,False,False,0,
83003,1,3,-1,False,False,empty_structure,invalid_to_invalid,False,False,False,0,
83003,1,3,1,False,False,empty_structure,invalid_to_invalid,False,False,False,0,
83003,1,4,-1,False,False,empty_structure,invalid_to_invalid,False,False,False,0,
83003,1,4,1,False,False,empty_structure,invalid_to_invalid,False,False,False,0,
83003,1,5,-1,False,False,empty_structure,invalid_to_invalid,False,False,False,0,
83003,1,5,1,False,False,empty_structure,invalid_to_invalid,False,False,False,0,
83003,1,6,-1,False,True,developed,invalid_to_valid,False,True,True,1,
83003,1,6,1,False,False,empty_structure,invalid_to_invalid,False,False,False,0,
83003,1,7,-1,False,False,empty_structure,invalid_to_invalid,False,False,False,0,
83003,1,7,1,False,False,empty_structure,invalid_to_invalid,True,False,False,0,
83003,1,8,-1,False,False,empty_structure,invalid_to_invalid,False,False,False,0,
83003,1,8,1,False,False,empty_structure,invalid_to_invalid,False,False,False,0,
83003,1,9,-1,False,True,developed,invalid_to_valid,False,True,True,-34,
83003,1,9,1,False,False,empty_structure,invalid_to_invalid,False,False,False,35,
83003,2,0,-1,False,False,empty_structure,invalid_to_invalid,False,False,False,0,
83003,2,0,1,False,False,empty_structure,invalid_to_invalid,False,False,False,0,
83003,2,1,-1,False,False,empty_structure,invalid_to_invalid,False,False,False,0,
83003,2,1,1,False,False,empty_structure,invalid_to_invalid,False,False,False,0,
83003,2,2,-1,False,False,empty_structure,invalid_to_invalid,False,False,False,0,
83003,2,2,1,False,False,empty_structure,invalid_to_invalid,False,False,False,0,
83003,2,3,-1,False,False,empty_structure,invalid_to_invalid,False,False,False,0,
83003,2,3,1,False,False,empty_structure,invalid_to_invalid,False,False,False,0,
83003,2,4,-1,False,False,empty_structure,invalid_to_invalid,False,False,False,0,
83003,2,4,1,False,False,empty_structure,invalid_to_invalid,False,False,False,0,
83003,2,5,-1,False,False,empty_structure,invalid_to_invalid,False,False,False,0,
83003,2,5,1,False,False,empty_structure,invalid_to_invalid,False,False,False,0,
83003,2,6,-1,False,False,empty_structure,invalid_to_invalid,False,False,False,0,
83003,2,6,1,False,False,empty_structure,invalid_to_invalid,True,False,False,0,
83003,2,7,-1,False,False,empty_structure,invalid_to_invalid,False,False,False,0,
83003,2,7,1,False,False,empty_structure,invalid_to_invalid,False,False,False,0,
83003,2,8,-1,False,False,empty_structure,invalid_to_invalid,False,False,False,0,
83003,2,8,1,False,False,empty_structure,invalid_to_invalid,False,False,False,0,
83003,2,9,-1,False,False,empty_structure,invalid_to_invalid,False,False,False,-35,
83003,2,9,1,False,False,empty_structure,invalid_to_invalid,False,False,False,35,
83003,3,0,-1,False,False,empty_structure,invalid_to_invalid,False,False,False,0,
83003,3,0,1,False,False,empty_structure,invalid_to_invalid,False,False,False,0,
83003,3,1,-1,False,False,empty_structure,invalid_to_invalid,False,False,False,0,
83003,3,1,1,False,False,empty_structure,invalid_to_invalid,False,False,False,0,
83003,3,2,-1,False,False,empty_structure,invalid_to_invalid,False,False,False,0,
83003,3,2,1,False,False,empty_structure,invalid_to_invalid,False,False,False,0,
83003,3,3,-1,False,False,empty_structure,invalid_to_invalid,False,False,False,0,
83003,3,3,1,False,False,empty_structure,invalid_to_invalid,False,False,False,0,
83003,3,4,-1,False,False,empty_structure,invalid_to_invalid,False,False,False,0,
83003,3,4,1,False,False,empty_structure,invalid_to_invalid,False,False,False,0,
83003,3,5,-1,False,False,empty_structure,invalid_to_invalid,False,False,False,0,
83003,3,5,1,False,False,empty_structure,invalid_to_invalid,False,False,False,0,
83003,3,6,-1,False,False,empty_structure,invalid_to_invalid,False,False,False,0,
83003,3,6,1,False,False,empty_structure,invalid_to_invalid,False,False,False,0,
83003,3,7,-1,False,False,empty_structure,invalid_to_invalid,False,False,False,0,
83003,3,7,1,False,False,empty_structure,invalid_to_invalid,False,False,False,0,
83003,3,8,-1,False,False,empty_structure,invalid_to_invalid,False,False,False,0,
83003,3,8,1,False,False,empty_structure,invalid_to_invalid,False,False,False,0,
83003,3,9,-1,False,False,empty_structure,invalid_to_invalid,False,False,False,-35,
83003,3,9,1,False,False,empty_structure,invalid_to_invalid,False,False,False,35,
83003,4,0,-1,False,False,empty_structure,invalid_to_invalid,False,False,False,0,
83003,4,0,1,False,False,empty_structure,invalid_to_invalid,False,False,False,0,
83003,4,1,-1,False,False,empty_structure,invalid_to_invalid,False,False,False,0,
83003,4,1,1,False,False,empty_structure,invalid_to_invalid,False,False,False,0,
83003,4,2,-1,False,False,empty_structure,invalid_to_invalid,True,False,False,0,
83003,4,2,1,False,False,empty_structure,invalid_to_invalid,False,False,False,0,
83003,4,3,-1,False,False,empty_structure,invalid_to_invalid,False,False,False,0,
83003,4,3,1,False,False,empty_structure,invalid_to_invalid,False,False,False,0,
83003,4,4,-1,False,False,empty_structure,invalid_to_invalid,False,False,False,0,
83003,4,4,1,False,False,empty_structure,invalid_to_invalid,False,False,False,0,
83003,4,5,-1,False,False,empty_structure,invalid_to_invalid,False,False,False,0,
83003,4,5,1,False,False,empty_structure,invalid_to_invalid,False,False,False,0,
83003,4,6,-1,False,False,empty_structure,invalid_to_invalid,False,False,False,0,
83003,4,6,1,False,False,empty_structure,invalid_to_invalid,False,False,False,0,
83003,4,7,-1,False,False,empty_structure,invalid_to_invalid,False,False,False,0,
83003,4,7,1,False,False,empty_structure,invalid_to_invalid,False,False,False,0,
83003,4,8,-1,False,False,empty_structure,invalid_to_invalid,False,False,False,0,
83003,4,8,1,False,False,empty_structure,invalid_to_invalid,False,False,False,0,
83003,4,9,-1,False,False,empty_structure,invalid_to_invalid,False,False,False,-35,
83003,4,9,1,False,False,empty_structure,invalid_to_invalid,False,False,False,35,
83004,0,0,-1,False,False,empty_structure,invalid_to_invalid,False,False,False,0,
83004,0,0,1,False,False,empty_structure,invalid_to_invalid,False,False,False,0,
83004,0,1,-1,False,False,empty_structure,invalid_to_invalid,False,False,False,0,
83004,0,1,1,False,False,empty_structure,invalid_to_invalid,False,False,False,0,
83004,0,2,-1,False,False,empty_structure,invalid_to_invalid,False,False,False,0,
83004,0,2,1,False,False,empty_structure,invalid_to_invalid,False,False,False,0,
83004,0,3,-1,False,False,empty_structure,invalid_to_invalid,False,False,False,0,
83004,0,3,1,False,False,empty_structure,invalid_to_invalid,False,False,False,0,
83004,0,4,-1,False,False,empty_structure,invalid_to_invalid,False,False,False,0,
83004,0,4,1,False,False,empty_structure,invalid_to_invalid,False,False,False,0,
83004,0,5,-1,False,False,empty_structure,invalid_to_invalid,False,False,False,0,
83004,0,5,1,False,False,empty_structure,invalid_to_invalid,False,False,False,0,
83004,0,6,-1,False,False,empty_structure,invalid_to_invalid,False,False,False,0,
83004,0,6,1,False,False,empty_structure,invalid_to_invalid,False,False,False,0,
83004,0,7,-1,False,False,empty_structure,invalid_to_invalid,False,False,False,0,
83004,0,7,1,False,False,empty_structure,invalid_to_invalid,False,False,False,0,
83004,0,8,-1,False,False,empty_structure,invalid_to_invalid,False,False,False,0,
83004,0,8,1,False,False,empty_structure,invalid_to_invalid,False,False,False,0,
83004,0,9,-1,False,False,empty_structure,invalid_to_invalid,False,False,False,-35,
83004,0,9,1,False,False,empty_structure,invalid_to_invalid,False,False,False,35,
83004,1,0,-1,True,True,developed,valid_to_valid,False,False,False,0,0
83004,1,0,1,True,True,developed,valid_to_valid,False,False,False,0,0
83004,1,1,-1,True,True,developed,valid_to_valid,False,False,False,0,0
83004,1,1,1,True,True,developed,valid_to_valid,False,False,False,0,0
83004,1,2,-1,True,True,developed,valid_to_valid,False,False,False,0,0
83004,1,2,1,True,True,developed,valid_to_valid,False,False,False,0,0
83004,1,3,-1,True,True,developed,valid_to_valid,False,False,False,0,0
83004,1,3,1,True,True,developed,valid_to_valid,False,False,False,0,0
83004,1,4,-1,True,False,empty_structure,valid_to_invalid,False,True,True,-1,
83004,1,4,1,True,True,developed,valid_to_valid,True,False,False,0,0
83004,1,5,-1,True,True,developed,valid_to_valid,False,True,False,0,0
83004,1,5,1,True,True,developed,valid_to_valid,False,False,False,0,0
83004,1,6,-1,True,True,developed,valid_to_valid,False,True,False,0,0
83004,1,6,1,True,False,empty_structure,valid_to_invalid,False,True,True,-1,
83004,1,7,-1,True,True,developed,valid_to_valid,False,True,False,0,0
83004,1,7,1,True,False,empty_structure,valid_to_invalid,False,True,True,-1,
83004,1,8,-1,True,True,developed,valid_to_valid,False,False,False,0,0
83004,1,8,1,True,False,empty_structure,valid_to_invalid,False,True,True,-1,
83004,1,9,-1,True,True,developed,valid_to_valid,False,True,False,-35,0
83004,1,9,1,True,False,empty_structure,valid_to_invalid,False,True,True,34,
83004,2,0,-1,False,False,empty_structure,invalid_to_invalid,False,False,False,0,
83004,2,0,1,False,False,empty_structure,invalid_to_invalid,False,False,False,0,
83004,2,1,-1,False,False,empty_structure,invalid_to_invalid,False,False,False,0,
83004,2,1,1,False,False,empty_structure,invalid_to_invalid,False,False,False,0,
83004,2,2,-1,False,False,empty_structure,invalid_to_invalid,False,False,False,0,
83004,2,2,1,False,False,empty_structure,invalid_to_invalid,False,False,False,0,
83004,2,3,-1,False,False,empty_structure,invalid_to_invalid,False,False,False,0,
83004,2,3,1,False,False,empty_structure,invalid_to_invalid,False,False,False,0,
83004,2,4,-1,False,False,empty_structure,invalid_to_invalid,False,False,False,0,
83004,2,4,1,False,False,empty_structure,invalid_to_invalid,False,False,False,0,
83004,2,5,-1,False,False,empty_structure,invalid_to_invalid,False,False,False,0,
83004,2,5,1,False,False,empty_structure,invalid_to_invalid,False,False,False,0,
83004,2,6,-1,False,False,empty_structure,invalid_to_invalid,False,False,False,0,
83004,2,6,1,False,False,empty_structure,invalid_to_invalid,False,False,False,0,
83004,2,7,-1,False,False,empty_structure,invalid_to_invalid,False,False,False,0,
83004,2,7,1,False,False,empty_structure,invalid_to_invalid,False,False,False,0,
83004,2,8,-1,False,False,empty_structure,invalid_to_invalid,False,False,False,0,
83004,2,8,1,False,False,empty_structure,invalid_to_invalid,False,False,False,0,
83004,2,9,-1,False,False,empty_structure,invalid_to_invalid,False,False,False,-35,
83004,2,9,1,False,False,empty_structure,invalid_to_invalid,False,False,False,35,
83004,3,0,-1,False,False,empty_structure,invalid_to_invalid,False,False,False,0,
83004,3,0,1,False,False,empty_structure,invalid_to_invalid,False,False,False,0,
83004,3,1,-1,False,False,empty_structure,invalid_to_invalid,False,False,False,0,
83004,3,1,1,False,False,empty_structure,invalid_to_invalid,False,False,False,0,
83004,3,2,-1,False,False,empty_structure,invalid_to_invalid,False,False,False,0,
83004,3,2,1,False,False,empty_structure,invalid_to_invalid,False,False,False,0,
83004,3,3,-1,False,False,empty_structure,invalid_to_invalid,False,False,False,0,
83004,3,3,1,False,False,empty_structure,invalid_to_invalid,False,False,False,0,
83004,3,4,-1,False,False,empty_structure,invalid_to_invalid,False,False,False,0,
83004,3,4,1,False,False,empty_structure,invalid_to_invalid,False,False,False,0,
83004,3,5,-1,False,False,empty_structure,invalid_to_invalid,False,False,False,0,
83004,3,5,1,False,False,empty_structure,invalid_to_invalid,False,False,False,0,
83004,3,6,-1,False,False,empty_structure,invalid_to_invalid,False,False,False,0,
83004,3,6,1,False,False,empty_structure,invalid_to_invalid,True,False,False,0,
83004,3,7,-1,False,False,empty_structure,invalid_to_invalid,False,False,False,0,
83004,3,7,1,False,False,empty_structure,invalid_to_invalid,False,False,False,0,
83004,3,8,-1,False,False,empty_structure,invalid_to_invalid,False,False,False,0,
83004,3,8,1,False,False,empty_structure,invalid_to_invalid,False,False,False,0,
83004,3,9,-1,False,False,empty_structure,invalid_to_invalid,False,False,False,-35,
83004,3,9,1,False,False,empty_structure,invalid_to_invalid,False,False,False,35,
83004,4,0,-1,False,False,empty_structure,invalid_to_invalid,False,False,False,0,
83004,4,0,1,False,False,empty_structure,invalid_to_invalid,False,False,False,0,
83004,4,1,-1,False,False,empty_structure,invalid_to_invalid,False,False,False,0,
83004,4,1,1,False,False,empty_structure,invalid_to_invalid,False,False,False,0,
83004,4,2,-1,False,False,empty_structure,invalid_to_invalid,False,False,False,0,
83004,4,2,1,False,False,empty_structure,invalid_to_invalid,False,False,False,0,
83004,4,3,-1,False,False,empty_structure,invalid_to_invalid,False,False,False,0,
83004,4,3,1,False,False,empty_structure,invalid_to_invalid,False,False,False,0,
83004,4,4,-1,False,False,empty_structure,invalid_to_invalid,False,False,False,0,
83004,4,4,1,False,False,empty_structure,invalid_to_invalid,False,False,False,0,
83004,4,5,-1,False,False,empty_structure,invalid_to_invalid,False,False,False,0,
83004,4,5,1,False,False,empty_structure,invalid_to_invalid,False,False,False,0,
83004,4,6,-1,False,False,empty_structure,invalid_to_invalid,False,False,False,0,
83004,4,6,1,False,False,empty_structure,invalid_to_invalid,False,False,False,0,
83004,4,7,-1,False,False,empty_structure,invalid_to_invalid,False,False,False,0,
83004,4,7,1,False,False,empty_structure,invalid_to_invalid,False,False,False,0,
83004,4,8,-1,False,False,empty_structure,invalid_to_invalid,False,False,False,0,
83004,4,8,1,False,False,empty_structure,invalid_to_invalid,False,False,False,0,
83004,4,9,-1,False,False,empty_structure,invalid_to_invalid,False,False,False,-35,
83004,4,9,1,False,False,empty_structure,invalid_to_invalid,False,False,False,35,
83005,0,0,-1,False,False,empty_structure,invalid_to_invalid,False,False,False,0,
83005,0,0,1,False,False,empty_structure,invalid_to_invalid,False,False,False,0,
83005,0,1,-1,False,False,empty_structure,invalid_to_invalid,False,False,False,0,
83005,0,1,1,False,False,empty_structure,invalid_to_invalid,False,False,False,0,
83005,0,2,-1,False,False,empty_structure,invalid_to_invalid,False,False,False,0,
83005,0,2,1,False,False,empty_structure,invalid_to_invalid,False,False,False,0,
83005,0,3,-1,False,False,empty_structure,invalid_to_invalid,False,False,False,0,
83005,0,3,1,False,False,empty_structure,invalid_to_invalid,False,False,False,0,
83005,0,4,-1,False,False,empty_structure,invalid_to_invalid,False,False,False,0,
83005,0,4,1,False,False,empty_structure,invalid_to_invalid,False,False,False,0,
83005,0,5,-1,False,False,empty_structure,invalid_to_invalid,False,False,False,0,
83005,0,5,1,False,False,empty_structure,invalid_to_invalid,False,False,False,0,
83005,0,6,-1,False,True,developed,invalid_to_valid,False,True,True,2,
83005,0,6,1,False,False,empty_structure,invalid_to_invalid,False,False,False,0,
83005,0,7,-1,False,False,empty_structure,invalid_to_invalid,False,False,False,0,
83005,0,7,1,False,False,empty_structure,invalid_to_invalid,False,False,False,0,
83005,0,8,-1,False,False,empty_structure,invalid_to_invalid,False,False,False,0,
83005,0,8,1,False,False,empty_structure,invalid_to_invalid,False,False,False,0,
83005,0,9,-1,False,True,developed,invalid_to_valid,False,True,True,-33,
83005,0,9,1,False,False,empty_structure,invalid_to_invalid,False,False,False,35,
83005,1,0,-1,False,False,empty_structure,invalid_to_invalid,False,False,False,0,
83005,1,0,1,False,False,empty_structure,invalid_to_invalid,False,False,False,0,
83005,1,1,-1,False,False,empty_structure,invalid_to_invalid,False,False,False,0,
83005,1,1,1,False,False,empty_structure,invalid_to_invalid,False,False,False,0,
83005,1,2,-1,False,False,empty_structure,invalid_to_invalid,False,False,False,0,
83005,1,2,1,False,False,empty_structure,invalid_to_invalid,False,False,False,0,
83005,1,3,-1,False,False,empty_structure,invalid_to_invalid,False,False,False,0,
83005,1,3,1,False,False,empty_structure,invalid_to_invalid,False,False,False,0,
83005,1,4,-1,False,False,empty_structure,invalid_to_invalid,False,False,False,0,
83005,1,4,1,False,False,empty_structure,invalid_to_invalid,False,False,False,0,
83005,1,5,-1,False,False,empty_structure,invalid_to_invalid,False,False,False,0,
83005,1,5,1,False,False,empty_structure,invalid_to_invalid,False,False,False,0,
83005,1,6,-1,False,False,empty_structure,invalid_to_invalid,False,False,False,0,
83005,1,6,1,False,False,empty_structure,invalid_to_invalid,False,False,False,0,
83005,1,7,-1,False,False,empty_structure,invalid_to_invalid,False,False,False,0,
83005,1,7,1,False,False,empty_structure,invalid_to_invalid,False,False,False,0,
83005,1,8,-1,False,False,empty_structure,invalid_to_invalid,True,False,False,0,
83005,1,8,1,False,False,empty_structure,invalid_to_invalid,False,False,False,0,
83005,1,9,-1,False,False,empty_structure,invalid_to_invalid,False,False,False,-35,
83005,1,9,1,False,False,empty_structure,invalid_to_invalid,False,False,False,35,
83005,2,0,-1,False,False,empty_structure,invalid_to_invalid,False,False,False,0,
83005,2,0,1,False,False,empty_structure,invalid_to_invalid,False,False,False,0,
83005,2,1,-1,False,False,empty_structure,invalid_to_invalid,False,False,False,0,
83005,2,1,1,False,False,empty_structure,invalid_to_invalid,False,False,False,0,
83005,2,2,-1,False,False,empty_structure,invalid_to_invalid,False,False,False,0,
83005,2,2,1,False,False,empty_structure,invalid_to_invalid,False,False,False,0,
83005,2,3,-1,False,False,empty_structure,invalid_to_invalid,False,False,False,0,
83005,2,3,1,False,False,empty_structure,invalid_to_invalid,False,False,False,0,
83005,2,4,-1,False,False,empty_structure,invalid_to_invalid,False,False,False,0,
83005,2,4,1,False,False,empty_structure,invalid_to_invalid,False,False,False,0,
83005,2,5,-1,False,False,empty_structure,invalid_to_invalid,False,False,False,0,
83005,2,5,1,False,False,empty_structure,invalid_to_invalid,False,False,False,0,
83005,2,6,-1,False,False,empty_structure,invalid_to_invalid,True,False,False,0,
83005,2,6,1,False,False,empty_structure,invalid_to_invalid,False,False,False,0,
83005,2,7,-1,False,False,empty_structure,invalid_to_invalid,False,False,False,0,
83005,2,7,1,False,False,empty_structure,invalid_to_invalid,False,False,False,0,
83005,2,8,-1,False,False,empty_structure,invalid_to_invalid,False,False,False,0,
83005,2,8,1,False,False,empty_structure,invalid_to_invalid,False,False,False,0,
83005,2,9,-1,False,False,empty_structure,invalid_to_invalid,False,False,False,-35,
83005,2,9,1,False,False,empty_structure,invalid_to_invalid,False,False,False,35,
83005,3,0,-1,False,False,empty_structure,invalid_to_invalid,False,False,False,0,
83005,3,0,1,False,False,empty_structure,invalid_to_invalid,False,False,False,0,
83005,3,1,-1,False,False,empty_structure,invalid_to_invalid,False,False,False,0,
83005,3,1,1,False,False,empty_structure,invalid_to_invalid,False,False,False,0,
83005,3,2,-1,False,False,empty_structure,invalid_to_invalid,False,False,False,0,
83005,3,2,1,False,False,empty_structure,invalid_to_invalid,False,False,False,0,
83005,3,3,-1,False,False,empty_structure,invalid_to_invalid,False,False,False,0,
83005,3,3,1,False,False,empty_structure,invalid_to_invalid,False,False,False,0,
83005,3,4,-1,False,False,empty_structure,invalid_to_invalid,False,False,False,0,
83005,3,4,1,False,False,empty_structure,invalid_to_invalid,False,False,False,0,
83005,3,5,-1,False,False,empty_structure,invalid_to_invalid,False,False,False,0,
83005,3,5,1,False,False,empty_structure,invalid_to_invalid,False,False,False,0,
83005,3,6,-1,False,False,empty_structure,invalid_to_invalid,True,False,False,0,
83005,3,6,1,False,False,empty_structure,invalid_to_invalid,False,False,False,0,
83005,3,7,-1,False,False,empty_structure,invalid_to_invalid,False,False,False,0,
83005,3,7,1,False,False,empty_structure,invalid_to_invalid,False,False,False,0,
83005,3,8,-1,False,False,empty_structure,invalid_to_invalid,False,False,False,0,
83005,3,8,1,False,False,empty_structure,invalid_to_invalid,False,False,False,0,
83005,3,9,-1,False,False,empty_structure,invalid_to_invalid,False,False,False,-35,
83005,3,9,1,False,False,empty_structure,invalid_to_invalid,False,False,False,35,
83005,4,0,-1,False,False,empty_structure,invalid_to_invalid,False,False,False,0,
83005,4,0,1,False,False,empty_structure,invalid_to_invalid,False,False,False,0,
83005,4,1,-1,False,False,empty_structure,invalid_to_invalid,False,False,False,0,
83005,4,1,1,False,False,empty_structure,invalid_to_invalid,False,False,False,0,
83005,4,2,-1,False,False,empty_structure,invalid_to_invalid,False,False,False,0,
83005,4,2,1,False,False,empty_structure,invalid_to_invalid,True,False,False,0,
83005,4,3,-1,False,False,empty_structure,invalid_to_invalid,False,False,False,0,
83005,4,3,1,False,False,empty_structure,invalid_to_invalid,False,False,False,0,
83005,4,4,-1,False,False,empty_structure,invalid_to_invalid,False,False,False,0,
83005,4,4,1,False,False,empty_structure,invalid_to_invalid,False,False,False,0,
83005,4,5,-1,False,False,empty_structure,invalid_to_invalid,False,False,False,0,
83005,4,5,1,False,False,empty_structure,invalid_to_invalid,False,False,False,0,
83005,4,6,-1,False,False,empty_structure,invalid_to_invalid,False,False,False,0,
83005,4,6,1,False,False,empty_structure,invalid_to_invalid,False,False,False,0,
83005,4,7,-1,False,False,empty_structure,invalid_to_invalid,False,False,False,0,
83005,4,7,1,False,False,empty_structure,invalid_to_invalid,False,False,False,0,
83005,4,8,-1,False,False,empty_structure,invalid_to_invalid,False,False,False,0,
83005,4,8,1,False,False,empty_structure,invalid_to_invalid,False,False,False,0,
83005,4,9,-1,False,False,empty_structure,invalid_to_invalid,False,False,False,-35,
83005,4,9,1,False,False,empty_structure,invalid_to_invalid,True,False,False,0,
83006,0,0,-1,False,False,empty_structure,invalid_to_invalid,False,False,False,0,
83006,0,0,1,False,False,empty_structure,invalid_to_invalid,False,False,False,0,
83006,0,1,-1,False,False,empty_structure,invalid_to_invalid,False,False,False,0,
83006,0,1,1,False,False,empty_structure,invalid_to_invalid,False,False,False,0,
83006,0,2,-1,False,False,empty_structure,invalid_to_invalid,False,False,False,0,
83006,0,2,1,False,False,empty_structure,invalid_to_invalid,False,False,False,0,
83006,0,3,-1,False,False,empty_structure,invalid_to_invalid,False,False,False,0,
83006,0,3,1,False,False,empty_structure,invalid_to_invalid,False,False,False,0,
83006,0,4,-1,False,False,empty_structure,invalid_to_invalid,False,False,False,0,
83006,0,4,1,False,False,empty_structure,invalid_to_invalid,False,False,False,0,
83006,0,5,-1,False,False,empty_structure,invalid_to_invalid,False,False,False,0,
83006,0,5,1,False,False,empty_structure,invalid_to_invalid,False,False,False,0,
83006,0,6,-1,False,False,empty_structure,invalid_to_invalid,False,False,False,0,
83006,0,6,1,False,False,empty_structure,invalid_to_invalid,False,False,False,0,
83006,0,7,-1,False,False,empty_structure,invalid_to_invalid,False,False,False,0,
83006,0,7,1,False,False,empty_structure,invalid_to_invalid,False,False,False,0,
83006,0,8,-1,False,False,empty_structure,invalid_to_invalid,False,False,False,0,
83006,0,8,1,False,False,empty_structure,invalid_to_invalid,False,False,False,0,
83006,0,9,-1,False,False,empty_structure,invalid_to_invalid,True,False,False,0,
83006,0,9,1,False,False,empty_structure,invalid_to_invalid,False,False,False,35,
83006,1,0,-1,False,False,empty_structure,invalid_to_invalid,False,False,False,0,
83006,1,0,1,False,False,empty_structure,invalid_to_invalid,False,False,False,0,
83006,1,1,-1,False,False,empty_structure,invalid_to_invalid,False,False,False,0,
83006,1,1,1,False,False,empty_structure,invalid_to_invalid,False,False,False,0,
83006,1,2,-1,False,False,empty_structure,invalid_to_invalid,False,False,False,0,
83006,1,2,1,False,False,empty_structure,invalid_to_invalid,False,False,False,0,
83006,1,3,-1,False,False,empty_structure,invalid_to_invalid,False,False,False,0,
83006,1,3,1,False,False,empty_structure,invalid_to_invalid,False,False,False,0,
83006,1,4,-1,False,False,empty_structure,invalid_to_invalid,False,False,False,0,
83006,1,4,1,False,False,empty_structure,invalid_to_invalid,False,False,False,0,
83006,1,5,-1,False,False,empty_structure,invalid_to_invalid,False,False,False,0,
83006,1,5,1,False,False,empty_structure,invalid_to_invalid,False,False,False,0,
83006,1,6,-1,False,False,empty_structure,invalid_to_invalid,False,False,False,0,
83006,1,6,1,False,False,empty_structure,invalid_to_invalid,True,False,False,0,
83006,1,7,-1,False,False,empty_structure,invalid_to_invalid,False,False,False,0,
83006,1,7,1,False,False,empty_structure,invalid_to_invalid,False,False,False,0,
83006,1,8,-1,False,False,empty_structure,invalid_to_invalid,False,False,False,0,
83006,1,8,1,False,False,empty_structure,invalid_to_invalid,False,False,False,0,
83006,1,9,-1,False,False,empty_structure,invalid_to_invalid,False,False,False,-35,
83006,1,9,1,False,False,empty_structure,invalid_to_invalid,True,False,False,0,
83006,2,0,-1,False,False,empty_structure,invalid_to_invalid,False,False,False,0,
83006,2,0,1,False,False,empty_structure,invalid_to_invalid,False,False,False,0,
83006,2,1,-1,False,False,empty_structure,invalid_to_invalid,False,False,False,0,
83006,2,1,1,False,False,empty_structure,invalid_to_invalid,False,False,False,0,
83006,2,2,-1,False,False,empty_structure,invalid_to_invalid,False,False,False,0,
83006,2,2,1,False,False,empty_structure,invalid_to_invalid,False,False,False,0,
83006,2,3,-1,False,False,empty_structure,invalid_to_invalid,False,False,False,0,
83006,2,3,1,False,False,empty_structure,invalid_to_invalid,False,False,False,0,
83006,2,4,-1,False,False,empty_structure,invalid_to_invalid,False,False,False,0,
83006,2,4,1,False,False,empty_structure,invalid_to_invalid,False,False,False,0,
83006,2,5,-1,False,False,empty_structure,invalid_to_invalid,False,False,False,0,
83006,2,5,1,False,False,empty_structure,invalid_to_invalid,False,False,False,0,
83006,2,6,-1,False,False,empty_structure,invalid_to_invalid,False,False,False,0,
83006,2,6,1,False,False,empty_structure,invalid_to_invalid,True,False,False,0,
83006,2,7,-1,False,False,empty_structure,invalid_to_invalid,False,False,False,0,
83006,2,7,1,False,False,empty_structure,invalid_to_invalid,False,False,False,0,
83006,2,8,-1,False,False,empty_structure,invalid_to_invalid,False,False,False,0,
83006,2,8,1,False,False,empty_structure,invalid_to_invalid,False,False,False,0,
83006,2,9,-1,False,False,empty_structure,invalid_to_invalid,False,False,False,-35,
83006,2,9,1,False,False,empty_structure,invalid_to_invalid,False,False,False,35,
83006,3,0,-1,False,False,empty_structure,invalid_to_invalid,False,False,False,0,
83006,3,0,1,False,False,empty_structure,invalid_to_invalid,False,False,False,0,
83006,3,1,-1,False,False,empty_structure,invalid_to_invalid,False,False,False,0,
83006,3,1,1,False,False,empty_structure,invalid_to_invalid,False,False,False,0,
83006,3,2,-1,False,False,empty_structure,invalid_to_invalid,False,False,False,0,
83006,3,2,1,False,False,empty_structure,invalid_to_invalid,False,False,False,0,
83006,3,3,-1,False,False,empty_structure,invalid_to_invalid,False,False,False,0,
83006,3,3,1,False,False,empty_structure,invalid_to_invalid,False,False,False,0,
83006,3,4,-1,False,False,empty_structure,invalid_to_invalid,False,False,False,0,
83006,3,4,1,False,False,empty_structure,invalid_to_invalid,False,False,False,0,
83006,3,5,-1,False,False,empty_structure,invalid_to_invalid,False,False,False,0,
83006,3,5,1,False,False,empty_structure,invalid_to_invalid,False,False,False,0,
83006,3,6,-1,False,False,empty_structure,invalid_to_invalid,True,False,False,0,
83006,3,6,1,False,False,empty_structure,invalid_to_invalid,False,False,False,0,
83006,3,7,-1,False,True,developed,invalid_to_valid,False,True,True,1,
83006,3,7,1,False,False,empty_structure,invalid_to_invalid,False,False,False,0,
83006,3,8,-1,False,False,empty_structure,invalid_to_invalid,False,False,False,0,
83006,3,8,1,False,False,empty_structure,invalid_to_invalid,False,False,False,0,
83006,3,9,-1,False,False,empty_structure,invalid_to_invalid,False,False,False,-35,
83006,3,9,1,False,False,empty_structure,invalid_to_invalid,False,False,False,35,
83006,4,0,-1,True,True,developed,valid_to_valid,False,True,True,0,47/160
83006,4,0,1,True,True,developed,valid_to_valid,False,True,True,0,47/80
83006,4,1,-1,True,True,developed,valid_to_valid,False,False,False,0,0
83006,4,1,1,True,True,developed,valid_to_valid,False,True,False,0,0
83006,4,2,-1,True,True,developed,valid_to_valid,False,True,False,0,0
83006,4,2,1,True,True,developed,valid_to_valid,False,True,False,0,0
83006,4,3,-1,True,True,developed,valid_to_valid,False,False,False,0,0
83006,4,3,1,True,True,developed,valid_to_valid,False,True,False,0,0
83006,4,4,-1,True,True,developed,valid_to_valid,False,True,True,0,1/20
83006,4,4,1,True,True,developed,valid_to_valid,False,True,True,0,1/20
83006,4,5,-1,True,True,developed,valid_to_valid,False,True,False,0,0
83006,4,5,1,True,True,developed,valid_to_valid,False,False,False,0,0
83006,4,6,-1,True,True,developed,valid_to_valid,False,True,False,0,0
83006,4,6,1,True,True,developed,valid_to_valid,False,True,True,-1,31/160
83006,4,7,-1,True,True,developed,valid_to_valid,False,True,False,0,0
83006,4,7,1,True,True,developed,valid_to_valid,False,True,False,0,0
83006,4,8,-1,True,True,developed,valid_to_valid,False,False,False,0,0
83006,4,8,1,True,True,developed,valid_to_valid,False,False,False,0,0
83006,4,9,-1,True,True,developed,valid_to_valid,True,False,False,0,0
83006,4,9,1,True,True,developed,valid_to_valid,False,True,True,34,31/160
83007,0,0,-1,False,False,empty_structure,invalid_to_invalid,False,False,False,0,
83007,0,0,1,False,False,empty_structure,invalid_to_invalid,False,False,False,0,
83007,0,1,-1,False,False,empty_structure,invalid_to_invalid,False,False,False,0,
83007,0,1,1,False,False,empty_structure,invalid_to_invalid,False,False,False,0,
83007,0,2,-1,False,False,empty_structure,invalid_to_invalid,False,False,False,0,
83007,0,2,1,False,False,empty_structure,invalid_to_invalid,False,False,False,0,
83007,0,3,-1,False,False,empty_structure,invalid_to_invalid,False,False,False,0,
83007,0,3,1,False,False,empty_structure,invalid_to_invalid,False,False,False,0,
83007,0,4,-1,False,False,empty_structure,invalid_to_invalid,False,False,False,0,
83007,0,4,1,False,False,empty_structure,invalid_to_invalid,False,False,False,0,
83007,0,5,-1,False,False,empty_structure,invalid_to_invalid,False,False,False,0,
83007,0,5,1,False,False,empty_structure,invalid_to_invalid,False,False,False,0,
83007,0,6,-1,False,False,empty_structure,invalid_to_invalid,True,False,False,0,
83007,0,6,1,False,False,empty_structure,invalid_to_invalid,False,False,False,0,
83007,0,7,-1,False,False,empty_structure,invalid_to_invalid,False,False,False,0,
83007,0,7,1,False,False,empty_structure,invalid_to_invalid,False,False,False,0,
83007,0,8,-1,False,False,empty_structure,invalid_to_invalid,False,False,False,0,
83007,0,8,1,False,False,empty_structure,invalid_to_invalid,False,False,False,0,
83007,0,9,-1,False,False,empty_structure,invalid_to_invalid,False,False,False,-35,
83007,0,9,1,False,False,empty_structure,invalid_to_invalid,False,False,False,35,
83007,1,0,-1,False,False,empty_structure,invalid_to_invalid,False,False,False,0,
83007,1,0,1,False,False,empty_structure,invalid_to_invalid,False,False,False,0,
83007,1,1,-1,False,False,empty_structure,invalid_to_invalid,False,False,False,0,
83007,1,1,1,False,False,empty_structure,invalid_to_invalid,False,False,False,0,
83007,1,2,-1,False,False,empty_structure,invalid_to_invalid,False,False,False,0,
83007,1,2,1,False,False,empty_structure,invalid_to_invalid,False,False,False,0,
83007,1,3,-1,False,False,empty_structure,invalid_to_invalid,False,False,False,0,
83007,1,3,1,False,False,empty_structure,invalid_to_invalid,False,False,False,0,
83007,1,4,-1,False,False,empty_structure,invalid_to_invalid,False,False,False,0,
83007,1,4,1,False,False,empty_structure,invalid_to_invalid,False,False,False,0,
83007,1,5,-1,False,False,empty_structure,invalid_to_invalid,False,False,False,0,
83007,1,5,1,False,False,empty_structure,invalid_to_invalid,False,False,False,0,
83007,1,6,-1,False,False,empty_structure,invalid_to_invalid,False,False,False,0,
83007,1,6,1,False,False,empty_structure,invalid_to_invalid,False,False,False,0,
83007,1,7,-1,False,False,empty_structure,invalid_to_invalid,True,False,False,0,
83007,1,7,1,False,False,empty_structure,invalid_to_invalid,False,False,False,0,
83007,1,8,-1,False,False,empty_structure,invalid_to_invalid,False,False,False,0,
83007,1,8,1,False,False,empty_structure,invalid_to_invalid,False,False,False,0,
83007,1,9,-1,False,False,empty_structure,invalid_to_invalid,False,False,False,-35,
83007,1,9,1,False,False,empty_structure,invalid_to_invalid,False,False,False,35,
83007,2,0,-1,False,False,empty_structure,invalid_to_invalid,False,False,False,0,
83007,2,0,1,False,False,empty_structure,invalid_to_invalid,False,False,False,0,
83007,2,1,-1,False,False,empty_structure,invalid_to_invalid,False,False,False,0,
83007,2,1,1,False,False,empty_structure,invalid_to_invalid,False,False,False,0,
83007,2,2,-1,False,False,empty_structure,invalid_to_invalid,False,False,False,0,
83007,2,2,1,False,False,empty_structure,invalid_to_invalid,False,False,False,0,
83007,2,3,-1,False,False,empty_structure,invalid_to_invalid,False,False,False,0,
83007,2,3,1,False,False,empty_structure,invalid_to_invalid,False,False,False,0,
83007,2,4,-1,False,False,empty_structure,invalid_to_invalid,False,False,False,0,
83007,2,4,1,False,False,empty_structure,invalid_to_invalid,False,False,False,0,
83007,2,5,-1,False,False,empty_structure,invalid_to_invalid,False,False,False,0,
83007,2,5,1,False,False,empty_structure,invalid_to_invalid,False,False,False,0,
83007,2,6,-1,False,False,empty_structure,invalid_to_invalid,False,False,False,0,
83007,2,6,1,False,False,empty_structure,invalid_to_invalid,False,False,False,0,
83007,2,7,-1,False,False,empty_structure,invalid_to_invalid,False,False,False,0,
83007,2,7,1,False,False,empty_structure,invalid_to_invalid,False,False,False,0,
83007,2,8,-1,False,False,empty_structure,invalid_to_invalid,False,False,False,0,
83007,2,8,1,False,False,empty_structure,invalid_to_invalid,False,False,False,0,
83007,2,9,-1,False,False,empty_structure,invalid_to_invalid,False,False,False,-35,
83007,2,9,1,False,False,empty_structure,invalid_to_invalid,True,False,False,0,
83007,3,0,-1,False,True,developed,invalid_to_valid,False,True,True,1,
83007,3,0,1,False,False,empty_structure,invalid_to_invalid,True,False,False,0,
83007,3,1,-1,False,False,empty_structure,invalid_to_invalid,False,False,False,0,
83007,3,1,1,False,False,empty_structure,invalid_to_invalid,False,False,False,0,
83007,3,2,-1,False,False,empty_structure,invalid_to_invalid,False,False,False,0,
83007,3,2,1,False,True,developed,invalid_to_valid,False,True,True,1,
83007,3,3,-1,False,False,empty_structure,invalid_to_invalid,False,False,False,0,
83007,3,3,1,False,False,empty_structure,invalid_to_invalid,False,False,False,0,
83007,3,4,-1,False,False,empty_structure,invalid_to_invalid,False,False,False,0,
83007,3,4,1,False,False,empty_structure,invalid_to_invalid,False,False,False,0,
83007,3,5,-1,False,False,empty_structure,invalid_to_invalid,False,False,False,0,
83007,3,5,1,False,False,empty_structure,invalid_to_invalid,False,False,False,0,
83007,3,6,-1,False,False,empty_structure,invalid_to_invalid,True,False,False,0,
83007,3,6,1,False,False,empty_structure,invalid_to_invalid,False,False,False,0,
83007,3,7,-1,False,True,developed,invalid_to_valid,False,True,True,1,
83007,3,7,1,False,False,empty_structure,invalid_to_invalid,False,False,False,0,
83007,3,8,-1,False,False,empty_structure,invalid_to_invalid,False,False,False,0,
83007,3,8,1,False,False,empty_structure,invalid_to_invalid,False,False,False,0,
83007,3,9,-1,False,False,empty_structure,invalid_to_invalid,False,False,False,-35,
83007,3,9,1,False,False,empty_structure,invalid_to_invalid,False,False,False,35,
83007,4,0,-1,True,True,developed,valid_to_valid,False,False,False,0,0
83007,4,0,1,True,True,developed,valid_to_valid,False,False,False,0,0
83007,4,1,-1,True,True,developed,valid_to_valid,False,False,False,0,0
83007,4,1,1,True,True,developed,valid_to_valid,False,False,False,0,0
83007,4,2,-1,True,True,developed,valid_to_valid,False,True,True,0,3/5
83007,4,2,1,True,True,developed,valid_to_valid,False,True,True,0,0
83007,4,3,-1,True,True,developed,valid_to_valid,False,True,False,0,0
83007,4,3,1,True,True,developed,valid_to_valid,False,True,False,0,0
83007,4,4,-1,True,True,developed,valid_to_valid,False,True,True,0,0
83007,4,4,1,True,True,developed,valid_to_valid,False,True,True,0,0
83007,4,5,-1,True,True,developed,valid_to_valid,False,True,False,0,0
83007,4,5,1,True,True,developed,valid_to_valid,False,True,False,0,0
83007,4,6,-1,True,True,developed,valid_to_valid,True,False,False,0,0
83007,4,6,1,True,False,empty_structure,valid_to_invalid,False,True,True,-2,
83007,4,7,-1,True,True,developed,valid_to_valid,False,True,False,0,0
83007,4,7,1,True,True,developed,valid_to_valid,False,True,False,0,0
83007,4,8,-1,True,True,developed,valid_to_valid,False,False,False,0,0
83007,4,8,1,True,True,developed,valid_to_valid,False,False,False,0,0
83007,4,9,-1,True,True,developed,valid_to_valid,False,True,False,-35,0
83007,4,9,1,True,True,developed,valid_to_valid,False,True,False,35,0
83008,0,0,-1,False,False,empty_structure,invalid_to_invalid,False,False,False,0,
83008,0,0,1,False,False,empty_structure,invalid_to_invalid,False,False,False,0,
83008,0,1,-1,False,False,empty_structure,invalid_to_invalid,False,False,False,0,
83008,0,1,1,False,False,empty_structure,invalid_to_invalid,False,False,False,0,
83008,0,2,-1,False,False,empty_structure,invalid_to_invalid,False,False,False,0,
83008,0,2,1,False,False,empty_structure,invalid_to_invalid,True,False,False,0,
83008,0,3,-1,False,False,empty_structure,invalid_to_invalid,False,False,False,0,
83008,0,3,1,False,False,empty_structure,invalid_to_invalid,False,False,False,0,
83008,0,4,-1,False,False,empty_structure,invalid_to_invalid,False,False,False,0,
83008,0,4,1,False,False,empty_structure,invalid_to_invalid,False,False,False,0,
83008,0,5,-1,False,False,empty_structure,invalid_to_invalid,False,False,False,0,
83008,0,5,1,False,False,empty_structure,invalid_to_invalid,False,False,False,0,
83008,0,6,-1,False,False,empty_structure,invalid_to_invalid,False,False,False,0,
83008,0,6,1,False,False,empty_structure,invalid_to_invalid,False,False,False,0,
83008,0,7,-1,False,False,empty_structure,invalid_to_invalid,False,False,False,0,
83008,0,7,1,False,False,empty_structure,invalid_to_invalid,False,False,False,0,
83008,0,8,-1,False,False,empty_structure,invalid_to_invalid,False,False,False,0,
83008,0,8,1,False,False,empty_structure,invalid_to_invalid,False,False,False,0,
83008,0,9,-1,False,False,empty_structure,invalid_to_invalid,False,False,False,-35,
83008,0,9,1,False,False,empty_structure,invalid_to_invalid,False,False,False,35,
83008,1,0,-1,False,False,empty_structure,invalid_to_invalid,False,False,False,0,
83008,1,0,1,False,False,empty_structure,invalid_to_invalid,False,False,False,0,
83008,1,1,-1,False,False,empty_structure,invalid_to_invalid,False,False,False,0,
83008,1,1,1,False,False,empty_structure,invalid_to_invalid,False,False,False,0,
83008,1,2,-1,False,False,empty_structure,invalid_to_invalid,False,False,False,0,
83008,1,2,1,False,False,empty_structure,invalid_to_invalid,False,False,False,0,
83008,1,3,-1,False,False,empty_structure,invalid_to_invalid,False,False,False,0,
83008,1,3,1,False,False,empty_structure,invalid_to_invalid,False,False,False,0,
83008,1,4,-1,False,False,empty_structure,invalid_to_invalid,False,False,False,0,
83008,1,4,1,False,False,empty_structure,invalid_to_invalid,False,False,False,0,
83008,1,5,-1,False,False,empty_structure,invalid_to_invalid,False,False,False,0,
83008,1,5,1,False,False,empty_structure,invalid_to_invalid,False,False,False,0,
83008,1,6,-1,False,False,empty_structure,invalid_to_invalid,False,False,False,0,
83008,1,6,1,False,False,empty_structure,invalid_to_invalid,True,False,False,0,
83008,1,7,-1,False,False,empty_structure,invalid_to_invalid,False,False,False,0,
83008,1,7,1,False,False,empty_structure,invalid_to_invalid,False,False,False,0,
83008,1,8,-1,False,False,empty_structure,invalid_to_invalid,False,False,False,0,
83008,1,8,1,False,False,empty_structure,invalid_to_invalid,False,False,False,0,
83008,1,9,-1,False,False,empty_structure,invalid_to_invalid,False,False,False,-35,
83008,1,9,1,False,False,empty_structure,invalid_to_invalid,False,False,False,35,
83008,2,0,-1,False,False,empty_structure,invalid_to_invalid,False,False,False,0,
83008,2,0,1,False,False,empty_structure,invalid_to_invalid,False,False,False,0,
83008,2,1,-1,False,False,empty_structure,invalid_to_invalid,False,False,False,0,
83008,2,1,1,False,False,empty_structure,invalid_to_invalid,False,False,False,0,
83008,2,2,-1,False,False,empty_structure,invalid_to_invalid,False,False,False,0,
83008,2,2,1,False,False,empty_structure,invalid_to_invalid,False,False,False,0,
83008,2,3,-1,False,False,empty_structure,invalid_to_invalid,False,False,False,0,
83008,2,3,1,False,False,empty_structure,invalid_to_invalid,False,False,False,0,
83008,2,4,-1,False,False,empty_structure,invalid_to_invalid,False,False,False,0,
83008,2,4,1,False,False,empty_structure,invalid_to_invalid,False,False,False,0,
83008,2,5,-1,False,False,empty_structure,invalid_to_invalid,False,False,False,0,
83008,2,5,1,False,False,empty_structure,invalid_to_invalid,False,False,False,0,
83008,2,6,-1,False,False,empty_structure,invalid_to_invalid,False,False,False,0,
83008,2,6,1,False,False,empty_structure,invalid_to_invalid,False,False,False,0,
83008,2,7,-1,False,False,empty_structure,invalid_to_invalid,True,False,False,0,
83008,2,7,1,False,False,empty_structure,invalid_to_invalid,False,False,False,0,
83008,2,8,-1,False,False,empty_structure,invalid_to_invalid,False,False,False,0,
83008,2,8,1,False,False,empty_structure,invalid_to_invalid,False,False,False,0,
83008,2,9,-1,False,False,empty_structure,invalid_to_invalid,False,False,False,-35,
83008,2,9,1,False,False,empty_structure,invalid_to_invalid,False,False,False,35,
83008,3,0,-1,True,True,developed,valid_to_valid,False,False,False,0,0
83008,3,0,1,True,True,developed,valid_to_valid,False,False,False,0,0
83008,3,1,-1,True,True,developed,valid_to_valid,False,False,False,0,0
83008,3,1,1,True,True,developed,valid_to_valid,False,False,False,0,0
83008,3,2,-1,True,True,developed,valid_to_valid,False,True,True,0,1/20
83008,3,2,1,True,True,developed,valid_to_valid,False,True,True,0,1/20
83008,3,3,-1,True,True,developed,valid_to_valid,False,True,False,0,0
83008,3,3,1,True,True,developed,valid_to_valid,False,True,False,0,0
83008,3,4,-1,True,True,developed,valid_to_valid,False,True,True,0,139/160
83008,3,4,1,True,True,developed,valid_to_valid,False,True,True,0,1/5
83008,3,5,-1,True,True,developed,valid_to_valid,False,True,False,0,0
83008,3,5,1,True,True,developed,valid_to_valid,False,True,False,0,0
83008,3,6,-1,True,True,developed,valid_to_valid,True,False,False,0,0
83008,3,6,1,True,True,developed,valid_to_valid,False,True,True,-1,1/40
83008,3,7,-1,True,True,developed,valid_to_valid,False,True,True,1,1/40
83008,3,7,1,True,True,developed,valid_to_valid,False,True,False,0,0
83008,3,8,-1,True,True,developed,valid_to_valid,False,False,False,0,0
83008,3,8,1,True,True,developed,valid_to_valid,False,False,False,0,0
83008,3,9,-1,True,True,developed,valid_to_valid,False,True,False,-35,0
83008,3,9,1,True,True,developed,valid_to_valid,False,True,False,35,0
83008,4,0,-1,True,True,developed,valid_to_valid,False,True,True,0,1/20
83008,4,0,1,True,True,developed,valid_to_valid,False,True,True,0,3/40
83008,4,1,-1,True,True,developed,valid_to_valid,False,True,False,0,0
83008,4,1,1,True,True,developed,valid_to_valid,False,True,False,0,0
83008,4,2,-1,True,True,developed,valid_to_valid,False,False,False,0,0
83008,4,2,1,True,True,developed,valid_to_valid,False,False,False,0,0
83008,4,3,-1,True,True,developed,valid_to_valid,False,False,False,0,0
83008,4,3,1,True,True,developed,valid_to_valid,False,False,False,0,0
83008,4,4,-1,True,True,developed,valid_to_valid,False,False,False,0,0
83008,4,4,1,True,True,developed,valid_to_valid,False,False,False,0,0
83008,4,5,-1,True,True,developed,valid_to_valid,False,False,False,0,0
83008,4,5,1,True,True,developed,valid_to_valid,False,False,False,0,0
83008,4,6,-1,True,True,developed,valid_to_valid,True,False,False,0,0
83008,4,6,1,True,True,developed,valid_to_valid,False,True,False,0,0
83008,4,7,-1,True,True,developed,valid_to_valid,False,True,False,0,0
83008,4,7,1,True,True,developed,valid_to_valid,False,True,False,0,0
83008,4,8,-1,True,True,developed,valid_to_valid,False,False,False,0,0
83008,4,8,1,True,True,developed,valid_to_valid,False,False,False,0,0
83008,4,9,-1,True,True,developed,valid_to_valid,True,False,False,0,0
83008,4,9,1,True,True,developed,valid_to_valid,False,True,False,35,0
83009,0,0,-1,False,False,empty_structure,invalid_to_invalid,False,False,False,0,
83009,0,0,1,False,False,empty_structure,invalid_to_invalid,False,False,False,0,
83009,0,1,-1,False,False,empty_structure,invalid_to_invalid,False,False,False,0,
83009,0,1,1,False,False,empty_structure,invalid_to_invalid,False,False,False,0,
83009,0,2,-1,False,False,empty_structure,invalid_to_invalid,False,False,False,0,
83009,0,2,1,False,False,empty_structure,invalid_to_invalid,False,False,False,0,
83009,0,3,-1,False,False,empty_structure,invalid_to_invalid,False,False,False,0,
83009,0,3,1,False,False,empty_structure,invalid_to_invalid,False,False,False,0,
83009,0,4,-1,False,False,empty_structure,invalid_to_invalid,False,False,False,0,
83009,0,4,1,False,False,empty_structure,invalid_to_invalid,False,False,False,0,
83009,0,5,-1,False,False,empty_structure,invalid_to_invalid,False,False,False,0,
83009,0,5,1,False,False,empty_structure,invalid_to_invalid,False,False,False,0,
83009,0,6,-1,False,False,empty_structure,invalid_to_invalid,False,False,False,0,
83009,0,6,1,False,False,empty_structure,invalid_to_invalid,False,False,False,0,
83009,0,7,-1,False,False,empty_structure,invalid_to_invalid,False,False,False,0,
83009,0,7,1,False,False,empty_structure,invalid_to_invalid,False,False,False,0,
83009,0,8,-1,False,False,empty_structure,invalid_to_invalid,False,False,False,0,
83009,0,8,1,False,False,empty_structure,invalid_to_invalid,False,False,False,0,
83009,0,9,-1,False,False,empty_structure,invalid_to_invalid,False,False,False,-35,
83009,0,9,1,False,False,empty_structure,invalid_to_invalid,False,False,False,35,
83009,1,0,-1,True,True,developed,valid_to_valid,False,False,False,0,0
83009,1,0,1,True,True,developed,valid_to_valid,False,False,False,0,0
83009,1,1,-1,True,True,developed,valid_to_valid,False,False,False,0,0
83009,1,1,1,True,True,developed,valid_to_valid,False,False,False,0,0
83009,1,2,-1,True,True,developed,valid_to_valid,False,True,False,0,0
83009,1,2,1,True,True,developed,valid_to_valid,False,True,False,0,0
83009,1,3,-1,True,True,developed,valid_to_valid,False,True,False,0,0
83009,1,3,1,True,True,developed,valid_to_valid,False,True,False,0,0
83009,1,4,-1,True,True,developed,valid_to_valid,False,True,True,0,3/10
83009,1,4,1,True,True,developed,valid_to_valid,False,True,True,0,3/5
83009,1,5,-1,True,True,developed,valid_to_valid,False,True,False,0,0
83009,1,5,1,True,True,developed,valid_to_valid,False,True,False,0,0
83009,1,6,-1,True,True,developed,valid_to_valid,True,False,False,0,0
83009,1,6,1,True,True,developed,valid_to_valid,False,True,False,0,0
83009,1,7,-1,True,True,developed,valid_to_valid,False,True,False,0,0
83009,1,7,1,True,True,developed,valid_to_valid,False,True,False,0,0
83009,1,8,-1,True,True,developed,valid_to_valid,False,False,False,0,0
83009,1,8,1,True,True,developed,valid_to_valid,False,False,False,0,0
83009,1,9,-1,True,True,developed,valid_to_valid,True,False,False,0,0
83009,1,9,1,True,True,developed,valid_to_valid,False,True,False,35,0
83009,2,0,-1,False,False,empty_structure,invalid_to_invalid,False,False,False,0,
83009,2,0,1,False,False,empty_structure,invalid_to_invalid,False,False,False,0,
83009,2,1,-1,False,False,empty_structure,invalid_to_invalid,False,False,False,0,
83009,2,1,1,False,False,empty_structure,invalid_to_invalid,False,False,False,0,
83009,2,2,-1,False,False,empty_structure,invalid_to_invalid,False,False,False,0,
83009,2,2,1,False,False,empty_structure,invalid_to_invalid,False,False,False,0,
83009,2,3,-1,False,False,empty_structure,invalid_to_invalid,False,False,False,0,
83009,2,3,1,False,False,empty_structure,invalid_to_invalid,False,False,False,0,
83009,2,4,-1,False,False,empty_structure,invalid_to_invalid,False,False,False,0,
83009,2,4,1,False,False,empty_structure,invalid_to_invalid,False,False,False,0,
83009,2,5,-1,False,False,empty_structure,invalid_to_invalid,False,False,False,0,
83009,2,5,1,False,False,empty_structure,invalid_to_invalid,False,False,False,0,
83009,2,6,-1,False,True,developed,invalid_to_valid,False,True,True,1,
83009,2,6,1,False,False,empty_structure,invalid_to_invalid,False,False,False,0,
83009,2,7,-1,False,False,empty_structure,invalid_to_invalid,False,False,False,0,
83009,2,7,1,False,False,empty_structure,invalid_to_invalid,False,False,False,0,
83009,2,8,-1,False,False,empty_structure,invalid_to_invalid,False,False,False,0,
83009,2,8,1,False,False,empty_structure,invalid_to_invalid,False,False,False,0,
83009,2,9,-1,False,False,empty_structure,invalid_to_invalid,False,False,False,-35,
83009,2,9,1,False,False,empty_structure,invalid_to_invalid,False,False,False,35,
83009,3,0,-1,False,False,empty_structure,invalid_to_invalid,False,False,False,0,
83009,3,0,1,False,False,empty_structure,invalid_to_invalid,False,False,False,0,
83009,3,1,-1,False,False,empty_structure,invalid_to_invalid,False,False,False,0,
83009,3,1,1,False,False,empty_structure,invalid_to_invalid,False,False,False,0,
83009,3,2,-1,False,False,empty_structure,invalid_to_invalid,False,False,False,0,
83009,3,2,1,False,False,empty_structure,invalid_to_invalid,False,False,False,0,
83009,3,3,-1,False,False,empty_structure,invalid_to_invalid,False,False,False,0,
83009,3,3,1,False,False,empty_structure,invalid_to_invalid,False,False,False,0,
83009,3,4,-1,False,False,empty_structure,invalid_to_invalid,False,False,False,0,
83009,3,4,1,False,False,empty_structure,invalid_to_invalid,False,False,False,0,
83009,3,5,-1,False,False,empty_structure,invalid_to_invalid,False,False,False,0,
83009,3,5,1,False,False,empty_structure,invalid_to_invalid,False,False,False,0,
83009,3,6,-1,False,False,empty_structure,invalid_to_invalid,False,False,False,0,
83009,3,6,1,False,False,empty_structure,invalid_to_invalid,False,False,False,0,
83009,3,7,-1,False,False,empty_structure,invalid_to_invalid,True,False,False,0,
83009,3,7,1,False,False,empty_structure,invalid_to_invalid,False,False,False,0,
83009,3,8,-1,False,False,empty_structure,invalid_to_invalid,False,False,False,0,
83009,3,8,1,False,False,empty_structure,invalid_to_invalid,False,False,False,0,
83009,3,9,-1,False,False,empty_structure,invalid_to_invalid,False,False,False,-35,
83009,3,9,1,False,False,empty_structure,invalid_to_invalid,False,False,False,35,
83009,4,0,-1,False,False,empty_structure,invalid_to_invalid,False,False,False,0,
83009,4,0,1,False,False,empty_structure,invalid_to_invalid,False,False,False,0,
83009,4,1,-1,False,False,empty_structure,invalid_to_invalid,False,False,False,0,
83009,4,1,1,False,False,empty_structure,invalid_to_invalid,False,False,False,0,
83009,4,2,-1,False,False,empty_structure,invalid_to_invalid,False,False,False,0,
83009,4,2,1,False,False,empty_structure,invalid_to_invalid,False,False,False,0,
83009,4,3,-1,False,False,empty_structure,invalid_to_invalid,False,False,False,0,
83009,4,3,1,False,False,empty_structure,invalid_to_invalid,False,False,False,0,
83009,4,4,-1,False,False,empty_structure,invalid_to_invalid,False,False,False,0,
83009,4,4,1,False,False,empty_structure,invalid_to_invalid,False,False,False,0,
83009,4,5,-1,False,False,empty_structure,invalid_to_invalid,False,False,False,0,
83009,4,5,1,False,False,empty_structure,invalid_to_invalid,False,False,False,0,
83009,4,6,-1,False,False,empty_structure,invalid_to_invalid,True,False,False,0,
83009,4,6,1,False,False,empty_structure,invalid_to_invalid,False,False,False,0,
83009,4,7,-1,False,False,empty_structure,invalid_to_invalid,False,False,False,0,
83009,4,7,1,False,False,empty_structure,invalid_to_invalid,False,False,False,0,
83009,4,8,-1,False,False,empty_structure,invalid_to_invalid,False,False,False,0,
83009,4,8,1,False,False,empty_structure,invalid_to_invalid,False,False,False,0,
83009,4,9,-1,False,False,empty_structure,invalid_to_invalid,False,False,False,-35,
83009,4,9,1,False,False,empty_structure,invalid_to_invalid,False,False,False,35,
83010,0,0,-1,False,False,empty_structure,invalid_to_invalid,False,False,False,0,
83010,0,0,1,False,False,empty_structure,invalid_to_invalid,False,False,False,0,
83010,0,1,-1,False,False,empty_structure,invalid_to_invalid,False,False,False,0,
83010,0,1,1,False,False,empty_structure,invalid_to_invalid,False,False,False,0,
83010,0,2,-1,False,False,empty_structure,invalid_to_invalid,False,False,False,0,
83010,0,2,1,False,False,empty_structure,invalid_to_invalid,False,False,False,0,
83010,0,3,-1,False,False,empty_structure,invalid_to_invalid,False,False,False,0,
83010,0,3,1,False,False,empty_structure,invalid_to_invalid,False,False,False,0,
83010,0,4,-1,False,False,empty_structure,invalid_to_invalid,False,False,False,0,
83010,0,4,1,False,False,empty_structure,invalid_to_invalid,False,False,False,0,
83010,0,5,-1,False,False,empty_structure,invalid_to_invalid,False,False,False,0,
83010,0,5,1,False,False,empty_structure,invalid_to_invalid,False,False,False,0,
83010,0,6,-1,False,False,empty_structure,invalid_to_invalid,False,False,False,0,
83010,0,6,1,False,False,empty_structure,invalid_to_invalid,True,False,False,0,
83010,0,7,-1,False,False,empty_structure,invalid_to_invalid,False,False,False,0,
83010,0,7,1,False,False,empty_structure,invalid_to_invalid,False,False,False,0,
83010,0,8,-1,False,False,empty_structure,invalid_to_invalid,False,False,False,0,
83010,0,8,1,False,False,empty_structure,invalid_to_invalid,False,False,False,0,
83010,0,9,-1,False,False,empty_structure,invalid_to_invalid,False,False,False,-35,
83010,0,9,1,False,False,empty_structure,invalid_to_invalid,False,False,False,35,
83010,1,0,-1,False,False,empty_structure,invalid_to_invalid,False,False,False,0,
83010,1,0,1,False,False,empty_structure,invalid_to_invalid,False,False,False,0,
83010,1,1,-1,False,False,empty_structure,invalid_to_invalid,False,False,False,0,
83010,1,1,1,False,False,empty_structure,invalid_to_invalid,False,False,False,0,
83010,1,2,-1,False,False,empty_structure,invalid_to_invalid,False,False,False,0,
83010,1,2,1,False,False,empty_structure,invalid_to_invalid,False,False,False,0,
83010,1,3,-1,False,False,empty_structure,invalid_to_invalid,False,False,False,0,
83010,1,3,1,False,False,empty_structure,invalid_to_invalid,False,False,False,0,
83010,1,4,-1,False,False,empty_structure,invalid_to_invalid,False,False,False,0,
83010,1,4,1,False,False,empty_structure,invalid_to_invalid,False,False,False,0,
83010,1,5,-1,False,False,empty_structure,invalid_to_invalid,False,False,False,0,
83010,1,5,1,False,False,empty_structure,invalid_to_invalid,False,False,False,0,
83010,1,6,-1,False,False,empty_structure,invalid_to_invalid,True,False,False,0,
83010,1,6,1,False,False,empty_structure,invalid_to_invalid,False,False,False,0,
83010,1,7,-1,False,False,empty_structure,invalid_to_invalid,False,False,False,0,
83010,1,7,1,False,False,empty_structure,invalid_to_invalid,False,False,False,0,
83010,1,8,-1,False,False,empty_structure,invalid_to_invalid,False,False,False,0,
83010,1,8,1,False,False,empty_structure,invalid_to_invalid,False,False,False,0,
83010,1,9,-1,False,False,empty_structure,invalid_to_invalid,False,False,False,-35,
83010,1,9,1,False,False,empty_structure,invalid_to_invalid,False,False,False,35,
83010,2,0,-1,False,False,empty_structure,invalid_to_invalid,False,False,False,0,
83010,2,0,1,False,False,empty_structure,invalid_to_invalid,False,False,False,0,
83010,2,1,-1,False,False,empty_structure,invalid_to_invalid,False,False,False,0,
83010,2,1,1,False,False,empty_structure,invalid_to_invalid,False,False,False,0,
83010,2,2,-1,False,False,empty_structure,invalid_to_invalid,False,False,False,0,
83010,2,2,1,False,False,empty_structure,invalid_to_invalid,False,False,False,0,
83010,2,3,-1,False,False,empty_structure,invalid_to_invalid,False,False,False,0,
83010,2,3,1,False,False,empty_structure,invalid_to_invalid,False,False,False,0,
83010,2,4,-1,False,False,empty_structure,invalid_to_invalid,False,False,False,0,
83010,2,4,1,False,False,empty_structure,invalid_to_invalid,False,False,False,0,
83010,2,5,-1,False,False,empty_structure,invalid_to_invalid,False,False,False,0,
83010,2,5,1,False,False,empty_structure,invalid_to_invalid,False,False,False,0,
83010,2,6,-1,False,False,empty_structure,invalid_to_invalid,False,False,False,0,
83010,2,6,1,False,False,empty_structure,invalid_to_invalid,False,False,False,0,
83010,2,7,-1,False,False,empty_structure,invalid_to_invalid,False,False,False,0,
83010,2,7,1,False,False,empty_structure,invalid_to_invalid,False,False,False,0,
83010,2,8,-1,False,False,empty_structure,invalid_to_invalid,False,False,False,0,
83010,2,8,1,False,False,empty_structure,invalid_to_invalid,False,False,False,0,
83010,2,9,-1,False,False,empty_structure,invalid_to_invalid,False,False,False,-35,
83010,2,9,1,False,False,empty_structure,invalid_to_invalid,False,False,False,35,
83010,3,0,-1,True,True,developed,valid_to_valid,True,False,False,0,0
83010,3,0,1,True,True,developed,valid_to_valid,False,True,True,0,1/5
83010,3,1,-1,True,True,developed,valid_to_valid,False,True,False,0,0
83010,3,1,1,True,True,developed,valid_to_valid,False,True,False,0,0
83010,3,2,-1,True,True,developed,valid_to_valid,False,False,False,0,0
83010,3,2,1,True,True,developed,valid_to_valid,False,False,False,0,0
83010,3,3,-1,True,True,developed,valid_to_valid,False,False,False,0,0
83010,3,3,1,True,True,developed,valid_to_valid,False,False,False,0,0
83010,3,4,-1,True,True,developed,valid_to_valid,False,False,False,0,0
83010,3,4,1,True,True,developed,valid_to_valid,False,False,False,0,0
83010,3,5,-1,True,True,developed,valid_to_valid,False,False,False,0,0
83010,3,5,1,True,True,developed,valid_to_valid,False,False,False,0,0
83010,3,6,-1,True,True,developed,valid_to_valid,True,False,False,0,0
83010,3,6,1,True,False,empty_structure,valid_to_invalid,False,True,True,-1,
83010,3,7,-1,True,True,developed,valid_to_valid,False,True,False,0,0
83010,3,7,1,True,True,developed,valid_to_valid,False,True,False,0,0
83010,3,8,-1,True,True,developed,valid_to_valid,False,False,False,0,0
83010,3,8,1,True,True,developed,valid_to_valid,False,False,False,0,0
83010,3,9,-1,True,True,developed,valid_to_valid,False,True,False,-35,0
83010,3,9,1,True,True,developed,valid_to_valid,False,True,False,35,0
83010,4,0,-1,False,False,empty_structure,invalid_to_invalid,False,False,False,0,
83010,4,0,1,False,False,empty_structure,invalid_to_invalid,False,False,False,0,
83010,4,1,-1,False,False,empty_structure,invalid_to_invalid,False,False,False,0,
83010,4,1,1,False,False,empty_structure,invalid_to_invalid,False,False,False,0,
83010,4,2,-1,False,False,empty_structure,invalid_to_invalid,False,False,False,0,
83010,4,2,1,False,False,empty_structure,invalid_to_invalid,False,False,False,0,
83010,4,3,-1,False,False,empty_structure,invalid_to_invalid,False,False,False,0,
83010,4,3,1,False,False,empty_structure,invalid_to_invalid,False,False,False,0,
83010,4,4,-1,False,False,empty_structure,invalid_to_invalid,False,False,False,0,
83010,4,4,1,False,False,empty_structure,invalid_to_invalid,False,False,False,0,
83010,4,5,-1,False,False,empty_structure,invalid_to_invalid,False,False,False,0,
83010,4,5,1,False,False,empty_structure,invalid_to_invalid,False,False,False,0,
83010,4,6,-1,False,False,empty_structure,invalid_to_invalid,False,False,False,0,
83010,4,6,1,False,False,empty_structure,invalid_to_invalid,False,False,False,0,
83010,4,7,-1,False,False,empty_structure,invalid_to_invalid,False,False,False,0,
83010,4,7,1,False,False,empty_structure,invalid_to_invalid,False,False,False,0,
83010,4,8,-1,False,False,empty_structure,invalid_to_invalid,False,False,False,0,
83010,4,8,1,False,False,empty_structure,invalid_to_invalid,False,False,False,0,
83010,4,9,-1,False,False,empty_structure,invalid_to_invalid,False,False,False,-35,
83010,4,9,1,False,False,empty_structure,invalid_to_invalid,False,False,False,35,
83011,0,0,-1,False,False,empty_structure,invalid_to_invalid,False,False,False,0,
83011,0,0,1,False,False,empty_structure,invalid_to_invalid,False,False,False,0,
83011,0,1,-1,False,False,empty_structure,invalid_to_invalid,False,False,False,0,
83011,0,1,1,False,False,empty_structure,invalid_to_invalid,False,False,False,0,
83011,0,2,-1,False,False,empty_structure,invalid_to_invalid,False,False,False,0,
83011,0,2,1,False,False,empty_structure,invalid_to_invalid,False,False,False,0,
83011,0,3,-1,False,False,empty_structure,invalid_to_invalid,False,False,False,0,
83011,0,3,1,False,False,empty_structure,invalid_to_invalid,False,False,False,0,
83011,0,4,-1,False,False,empty_structure,invalid_to_invalid,False,False,False,0,
83011,0,4,1,False,False,empty_structure,invalid_to_invalid,False,False,False,0,
83011,0,5,-1,False,False,empty_structure,invalid_to_invalid,False,False,False,0,
83011,0,5,1,False,False,empty_structure,invalid_to_invalid,False,False,False,0,
83011,0,6,-1,False,False,empty_structure,invalid_to_invalid,False,False,False,0,
83011,0,6,1,False,False,empty_structure,invalid_to_invalid,False,False,False,0,
83011,0,7,-1,False,False,empty_structure,invalid_to_invalid,False,False,False,0,
83011,0,7,1,False,False,empty_structure,invalid_to_invalid,False,False,False,0,
83011,0,8,-1,False,False,empty_structure,invalid_to_invalid,False,False,False,0,
83011,0,8,1,False,False,empty_structure,invalid_to_invalid,False,False,False,0,
83011,0,9,-1,False,False,empty_structure,invalid_to_invalid,False,False,False,-35,
83011,0,9,1,False,False,empty_structure,invalid_to_invalid,False,False,False,35,
83011,1,0,-1,False,False,empty_structure,invalid_to_invalid,False,False,False,0,
83011,1,0,1,False,False,empty_structure,invalid_to_invalid,False,False,False,0,
83011,1,1,-1,False,False,empty_structure,invalid_to_invalid,False,False,False,0,
83011,1,1,1,False,False,empty_structure,invalid_to_invalid,False,False,False,0,
83011,1,2,-1,False,False,empty_structure,invalid_to_invalid,False,False,False,0,
83011,1,2,1,False,False,empty_structure,invalid_to_invalid,False,False,False,0,
83011,1,3,-1,False,False,empty_structure,invalid_to_invalid,False,False,False,0,
83011,1,3,1,False,False,empty_structure,invalid_to_invalid,False,False,False,0,
83011,1,4,-1,False,False,empty_structure,invalid_to_invalid,False,False,False,0,
83011,1,4,1,False,False,empty_structure,invalid_to_invalid,False,False,False,0,
83011,1,5,-1,False,False,empty_structure,invalid_to_invalid,False,False,False,0,
83011,1,5,1,False,False,empty_structure,invalid_to_invalid,False,False,False,0,
83011,1,6,-1,False,False,empty_structure,invalid_to_invalid,False,False,False,0,
83011,1,6,1,False,False,empty_structure,invalid_to_invalid,False,False,False,0,
83011,1,7,-1,False,False,empty_structure,invalid_to_invalid,False,False,False,0,
83011,1,7,1,False,False,empty_structure,invalid_to_invalid,False,False,False,0,
83011,1,8,-1,False,False,empty_structure,invalid_to_invalid,False,False,False,0,
83011,1,8,1,False,False,empty_structure,invalid_to_invalid,False,False,False,0,
83011,1,9,-1,False,False,empty_structure,invalid_to_invalid,False,False,False,-35,
83011,1,9,1,False,False,empty_structure,invalid_to_invalid,False,False,False,35,
83011,2,0,-1,False,False,empty_structure,invalid_to_invalid,False,False,False,0,
83011,2,0,1,False,False,empty_structure,invalid_to_invalid,False,False,False,0,
83011,2,1,-1,False,False,empty_structure,invalid_to_invalid,False,False,False,0,
83011,2,1,1,False,False,empty_structure,invalid_to_invalid,False,False,False,0,
83011,2,2,-1,False,False,empty_structure,invalid_to_invalid,False,False,False,0,
83011,2,2,1,False,False,empty_structure,invalid_to_invalid,False,False,False,0,
83011,2,3,-1,False,False,empty_structure,invalid_to_invalid,False,False,False,0,
83011,2,3,1,False,False,empty_structure,invalid_to_invalid,False,False,False,0,
83011,2,4,-1,False,False,empty_structure,invalid_to_invalid,False,False,False,0,
83011,2,4,1,False,False,empty_structure,invalid_to_invalid,False,False,False,0,
83011,2,5,-1,False,False,empty_structure,invalid_to_invalid,False,False,False,0,
83011,2,5,1,False,False,empty_structure,invalid_to_invalid,False,False,False,0,
83011,2,6,-1,False,False,empty_structure,invalid_to_invalid,False,False,False,0,
83011,2,6,1,False,False,empty_structure,invalid_to_invalid,False,False,False,0,
83011,2,7,-1,False,False,empty_structure,invalid_to_invalid,False,False,False,0,
83011,2,7,1,False,False,empty_structure,invalid_to_invalid,False,False,False,0,
83011,2,8,-1,False,False,empty_structure,invalid_to_invalid,False,False,False,0,
83011,2,8,1,False,False,empty_structure,invalid_to_invalid,False,False,False,0,
83011,2,9,-1,False,False,empty_structure,invalid_to_invalid,False,False,False,-35,
83011,2,9,1,False,False,empty_structure,invalid_to_invalid,False,False,False,35,
83011,3,0,-1,False,False,empty_structure,invalid_to_invalid,False,False,False,0,
83011,3,0,1,False,False,empty_structure,invalid_to_invalid,False,False,False,0,
83011,3,1,-1,False,False,empty_structure,invalid_to_invalid,False,False,False,0,
83011,3,1,1,False,False,empty_structure,invalid_to_invalid,False,False,False,0,
83011,3,2,-1,False,False,empty_structure,invalid_to_invalid,False,False,False,0,
83011,3,2,1,False,False,empty_structure,invalid_to_invalid,False,False,False,0,
83011,3,3,-1,False,False,empty_structure,invalid_to_invalid,False,False,False,0,
83011,3,3,1,False,False,empty_structure,invalid_to_invalid,False,False,False,0,
83011,3,4,-1,False,False,empty_structure,invalid_to_invalid,False,False,False,0,
83011,3,4,1,False,False,empty_structure,invalid_to_invalid,False,False,False,0,
83011,3,5,-1,False,False,empty_structure,invalid_to_invalid,False,False,False,0,
83011,3,5,1,False,False,empty_structure,invalid_to_invalid,False,False,False,0,
83011,3,6,-1,False,False,empty_structure,invalid_to_invalid,True,False,False,0,
83011,3,6,1,False,False,empty_structure,invalid_to_invalid,False,False,False,0,
83011,3,7,-1,False,False,empty_structure,invalid_to_invalid,False,False,False,0,
83011,3,7,1,False,False,empty_structure,invalid_to_invalid,False,False,False,0,
83011,3,8,-1,False,False,empty_structure,invalid_to_invalid,False,False,False,0,
83011,3,8,1,False,False,empty_structure,invalid_to_invalid,False,False,False,0,
83011,3,9,-1,False,False,empty_structure,invalid_to_invalid,False,False,False,-35,
83011,3,9,1,False,False,empty_structure,invalid_to_invalid,False,False,False,35,
83011,4,0,-1,False,False,empty_structure,invalid_to_invalid,False,False,False,0,
83011,4,0,1,False,False,empty_structure,invalid_to_invalid,False,False,False,0,
83011,4,1,-1,False,False,empty_structure,invalid_to_invalid,False,False,False,0,
83011,4,1,1,False,False,empty_structure,invalid_to_invalid,False,False,False,0,
83011,4,2,-1,False,False,empty_structure,invalid_to_invalid,False,False,False,0,
83011,4,2,1,False,False,empty_structure,invalid_to_invalid,False,False,False,0,
83011,4,3,-1,False,False,empty_structure,invalid_to_invalid,False,False,False,0,
83011,4,3,1,False,False,empty_structure,invalid_to_invalid,False,False,False,0,
83011,4,4,-1,False,False,empty_structure,invalid_to_invalid,False,False,False,0,
83011,4,4,1,False,False,empty_structure,invalid_to_invalid,False,False,False,0,
83011,4,5,-1,False,False,empty_structure,invalid_to_invalid,False,False,False,0,
83011,4,5,1,False,False,empty_structure,invalid_to_invalid,False,False,False,0,
83011,4,6,-1,False,False,empty_structure,invalid_to_invalid,False,False,False,0,
83011,4,6,1,False,False,empty_structure,invalid_to_invalid,True,False,False,0,
83011,4,7,-1,False,False,empty_structure,invalid_to_invalid,False,False,False,0,
83011,4,7,1,False,False,empty_structure,invalid_to_invalid,False,False,False,0,
83011,4,8,-1,False,False,empty_structure,invalid_to_invalid,False,False,False,0,
83011,4,8,1,False,False,empty_structure,invalid_to_invalid,False,False,False,0,
83011,4,9,-1,False,False,empty_structure,invalid_to_invalid,False,False,False,-35,
83011,4,9,1,False,False,empty_structure,invalid_to_invalid,False,False,False,35,
83012,0,0,-1,False,False,empty_structure,invalid_to_invalid,False,False,False,0,
83012,0,0,1,False,False,empty_structure,invalid_to_invalid,False,False,False,0,
83012,0,1,-1,False,False,empty_structure,invalid_to_invalid,False,False,False,0,
83012,0,1,1,False,False,empty_structure,invalid_to_invalid,False,False,False,0,
83012,0,2,-1,False,False,empty_structure,invalid_to_invalid,False,False,False,0,
83012,0,2,1,False,False,empty_structure,invalid_to_invalid,True,False,False,0,
83012,0,3,-1,False,False,empty_structure,invalid_to_invalid,False,False,False,0,
83012,0,3,1,False,False,empty_structure,invalid_to_invalid,False,False,False,0,
83012,0,4,-1,False,False,empty_structure,invalid_to_invalid,False,False,False,0,
83012,0,4,1,False,False,empty_structure,invalid_to_invalid,False,False,False,0,
83012,0,5,-1,False,False,empty_structure,invalid_to_invalid,False,False,False,0,
83012,0,5,1,False,False,empty_structure,invalid_to_invalid,False,False,False,0,
83012,0,6,-1,False,False,empty_structure,invalid_to_invalid,True,False,False,0,
83012,0,6,1,False,False,empty_structure,invalid_to_invalid,False,False,False,0,
83012,0,7,-1,False,False,empty_structure,invalid_to_invalid,False,False,False,0,
83012,0,7,1,False,False,empty_structure,invalid_to_invalid,True,False,False,0,
83012,0,8,-1,False,False,empty_structure,invalid_to_invalid,False,False,False,0,
83012,0,8,1,False,False,empty_structure,invalid_to_invalid,False,False,False,0,
83012,0,9,-1,False,False,empty_structure,invalid_to_invalid,False,False,False,-35,
83012,0,9,1,False,False,empty_structure,invalid_to_invalid,False,False,False,35,
83012,1,0,-1,False,False,empty_structure,invalid_to_invalid,False,False,False,0,
83012,1,0,1,False,False,empty_structure,invalid_to_invalid,True,False,False,0,
83012,1,1,-1,False,False,empty_structure,invalid_to_invalid,False,False,False,0,
83012,1,1,1,False,False,empty_structure,invalid_to_invalid,False,False,False,0,
83012,1,2,-1,False,False,empty_structure,invalid_to_invalid,False,False,False,0,
83012,1,2,1,False,False,empty_structure,invalid_to_invalid,False,False,False,0,
83012,1,3,-1,False,False,empty_structure,invalid_to_invalid,False,False,False,0,
83012,1,3,1,False,False,empty_structure,invalid_to_invalid,False,False,False,0,
83012,1,4,-1,False,False,empty_structure,invalid_to_invalid,False,False,False,0,
83012,1,4,1,False,False,empty_structure,invalid_to_invalid,False,False,False,0,
83012,1,5,-1,False,False,empty_structure,invalid_to_invalid,False,False,False,0,
83012,1,5,1,False,False,empty_structure,invalid_to_invalid,False,False,False,0,
83012,1,6,-1,False,False,empty_structure,invalid_to_invalid,True,False,False,0,
83012,1,6,1,False,False,empty_structure,invalid_to_invalid,False,False,False,0,
83012,1,7,-1,False,False,empty_structure,invalid_to_invalid,False,False,False,0,
83012,1,7,1,False,False,empty_structure,invalid_to_invalid,False,False,False,0,
83012,1,8,-1,False,False,empty_structure,invalid_to_invalid,False,False,False,0,
83012,1,8,1,False,False,empty_structure,invalid_to_invalid,False,False,False,0,
83012,1,9,-1,False,False,empty_structure,invalid_to_invalid,False,False,False,-35,
83012,1,9,1,False,False,empty_structure,invalid_to_invalid,False,False,False,35,
83012,2,0,-1,False,False,empty_structure,invalid_to_invalid,False,False,False,0,
83012,2,0,1,False,False,empty_structure,invalid_to_invalid,False,False,False,0,
83012,2,1,-1,False,False,empty_structure,invalid_to_invalid,False,False,False,0,
83012,2,1,1,False,False,empty_structure,invalid_to_invalid,False,False,False,0,
83012,2,2,-1,False,False,empty_structure,invalid_to_invalid,False,False,False,0,
83012,2,2,1,False,False,empty_structure,invalid_to_invalid,False,False,False,0,
83012,2,3,-1,False,False,empty_structure,invalid_to_invalid,False,False,False,0,
83012,2,3,1,False,False,empty_structure,invalid_to_invalid,False,False,False,0,
83012,2,4,-1,False,False,empty_structure,invalid_to_invalid,False,False,False,0,
83012,2,4,1,False,False,empty_structure,invalid_to_invalid,True,False,False,0,
83012,2,5,-1,False,False,empty_structure,invalid_to_invalid,False,False,False,0,
83012,2,5,1,False,False,empty_structure,invalid_to_invalid,False,False,False,0,
83012,2,6,-1,False,False,empty_structure,invalid_to_invalid,False,False,False,0,
83012,2,6,1,False,False,empty_structure,invalid_to_invalid,False,False,False,0,
83012,2,7,-1,False,False,empty_structure,invalid_to_invalid,False,False,False,0,
83012,2,7,1,False,False,empty_structure,invalid_to_invalid,False,False,False,0,
83012,2,8,-1,False,False,empty_structure,invalid_to_invalid,False,False,False,0,
83012,2,8,1,False,False,empty_structure,invalid_to_invalid,False,False,False,0,
83012,2,9,-1,False,False,empty_structure,invalid_to_invalid,False,False,False,-35,
83012,2,9,1,False,False,empty_structure,invalid_to_invalid,False,False,False,35,
83012,3,0,-1,True,True,developed,valid_to_valid,False,False,False,0,0
83012,3,0,1,True,True,developed,valid_to_valid,False,False,False,0,0
83012,3,1,-1,True,True,developed,valid_to_valid,False,False,False,0,0
83012,3,1,1,True,True,developed,valid_to_valid,False,False,False,0,0
83012,3,2,-1,True,True,developed,valid_to_valid,False,False,False,0,0
83012,3,2,1,True,True,developed,valid_to_valid,False,False,False,0,0
83012,3,3,-1,True,True,developed,valid_to_valid,False,False,False,0,0
83012,3,3,1,True,True,developed,valid_to_valid,False,False,False,0,0
83012,3,4,-1,True,True,developed,valid_to_valid,False,True,True,0,3/20
83012,3,4,1,True,True,developed,valid_to_valid,False,True,True,0,0
83012,3,5,-1,True,True,developed,valid_to_valid,False,True,False,0,0
83012,3,5,1,True,True,developed,valid_to_valid,False,True,False,0,0
83012,3,6,-1,True,True,developed,valid_to_valid,True,False,False,0,0
83012,3,6,1,True,False,empty_structure,valid_to_invalid,False,True,True,-1,
83012,3,7,-1,True,True,developed,valid_to_valid,False,True,False,0,0
83012,3,7,1,True,True,developed,valid_to_valid,False,True,False,0,0
83012,3,8,-1,True,True,developed,valid_to_valid,False,False,False,0,0
83012,3,8,1,True,True,developed,valid_to_valid,False,False,False,0,0
83012,3,9,-1,True,True,developed,valid_to_valid,False,True,False,-35,0
83012,3,9,1,True,True,developed,valid_to_valid,False,True,False,35,0
83012,4,0,-1,False,False,empty_structure,invalid_to_invalid,False,False,False,0,
83012,4,0,1,False,False,empty_structure,invalid_to_invalid,False,False,False,0,
83012,4,1,-1,False,False,empty_structure,invalid_to_invalid,False,False,False,0,
83012,4,1,1,False,False,empty_structure,invalid_to_invalid,False,False,False,0,
83012,4,2,-1,False,False,empty_structure,invalid_to_invalid,False,False,False,0,
83012,4,2,1,False,False,empty_structure,invalid_to_invalid,False,False,False,0,
83012,4,3,-1,False,False,empty_structure,invalid_to_invalid,False,False,False,0,
83012,4,3,1,False,False,empty_structure,invalid_to_invalid,False,False,False,0,
83012,4,4,-1,False,False,empty_structure,invalid_to_invalid,False,False,False,0,
83012,4,4,1,False,False,empty_structure,invalid_to_invalid,False,False,False,0,
83012,4,5,-1,False,False,empty_structure,invalid_to_invalid,False,False,False,0,
83012,4,5,1,False,False,empty_structure,invalid_to_invalid,False,False,False,0,
83012,4,6,-1,False,False,empty_structure,invalid_to_invalid,True,False,False,0,
83012,4,6,1,False,False,empty_structure,invalid_to_invalid,False,False,False,0,
83012,4,7,-1,False,False,empty_structure,invalid_to_invalid,False,False,False,0,
83012,4,7,1,False,False,empty_structure,invalid_to_invalid,False,False,False,0,
83012,4,8,-1,False,False,empty_structure,invalid_to_invalid,False,False,False,0,
83012,4,8,1,False,False,empty_structure,invalid_to_invalid,False,False,False,0,
83012,4,9,-1,False,False,empty_structure,invalid_to_invalid,False,False,False,-35,
83012,4,9,1,False,False,empty_structure,invalid_to_invalid,False,False,False,35,
83013,0,0,-1,True,True,developed,valid_to_valid,False,True,True,0,1/20
83013,0,0,1,True,True,developed,valid_to_valid,False,True,True,0,1/20
83013,0,1,-1,True,True,developed,valid_to_valid,False,True,False,0,0
83013,0,1,1,True,True,developed,valid_to_valid,False,True,False,0,0
83013,0,2,-1,True,True,developed,valid_to_valid,False,True,True,0,47/160
83013,0,2,1,True,True,developed,valid_to_valid,False,True,True,0,47/80
83013,0,3,-1,True,True,developed,valid_to_valid,False,True,False,0,0
83013,0,3,1,True,True,developed,valid_to_valid,False,True,False,0,0
83013,0,4,-1,True,True,developed,valid_to_valid,False,False,False,0,0
83013,0,4,1,True,True,developed,valid_to_valid,False,False,False,0,0
83013,0,5,-1,True,True,developed,valid_to_valid,False,False,False,0,0
83013,0,5,1,True,True,developed,valid_to_valid,False,False,False,0,0
83013,0,6,-1,True,True,developed,valid_to_valid,True,False,False,0,0
83013,0,6,1,True,False,empty_structure,valid_to_invalid,False,True,True,-2,
83013,0,7,-1,True,True,developed,valid_to_valid,False,True,False,0,0
83013,0,7,1,True,True,developed,valid_to_valid,False,True,True,-1,1/20
83013,0,8,-1,True,True,developed,valid_to_valid,False,False,False,0,0
83013,0,8,1,True,True,developed,valid_to_valid,False,False,False,0,0
83013,0,9,-1,True,True,developed,valid_to_valid,False,True,False,-35,0
83013,0,9,1,True,True,developed,valid_to_valid,False,True,True,34,1/20
83013,1,0,-1,False,False,empty_structure,invalid_to_invalid,False,False,False,0,
83013,1,0,1,False,False,empty_structure,invalid_to_invalid,False,False,False,0,
83013,1,1,-1,False,False,empty_structure,invalid_to_invalid,False,False,False,0,
83013,1,1,1,False,False,empty_structure,invalid_to_invalid,False,False,False,0,
83013,1,2,-1,False,False,empty_structure,invalid_to_invalid,False,False,False,0,
83013,1,2,1,False,False,empty_structure,invalid_to_invalid,False,False,False,0,
83013,1,3,-1,False,False,empty_structure,invalid_to_invalid,False,False,False,0,
83013,1,3,1,False,False,empty_structure,invalid_to_invalid,False,False,False,0,
83013,1,4,-1,False,False,empty_structure,invalid_to_invalid,False,False,False,0,
83013,1,4,1,False,False,empty_structure,invalid_to_invalid,False,False,False,0,
83013,1,5,-1,False,False,empty_structure,invalid_to_invalid,False,False,False,0,
83013,1,5,1,False,False,empty_structure,invalid_to_invalid,False,False,False,0,
83013,1,6,-1,False,True,developed,invalid_to_valid,False,True,True,2,
83013,1,6,1,False,False,empty_structure,invalid_to_invalid,False,False,False,0,
83013,1,7,-1,False,True,developed,invalid_to_valid,False,True,True,1,
83013,1,7,1,False,False,empty_structure,invalid_to_invalid,False,False,False,0,
83013,1,8,-1,False,False,empty_structure,invalid_to_invalid,False,False,False,0,
83013,1,8,1,False,False,empty_structure,invalid_to_invalid,False,False,False,0,
83013,1,9,-1,False,True,developed,invalid_to_valid,False,True,True,-34,
83013,1,9,1,False,False,empty_structure,invalid_to_invalid,False,False,False,35,
83013,2,0,-1,False,False,empty_structure,invalid_to_invalid,False,False,False,0,
83013,2,0,1,False,False,empty_structure,invalid_to_invalid,True,False,False,0,
83013,2,1,-1,False,False,empty_structure,invalid_to_invalid,False,False,False,0,
83013,2,1,1,False,False,empty_structure,invalid_to_invalid,False,False,False,0,
83013,2,2,-1,False,False,empty_structure,invalid_to_invalid,False,False,False,0,
83013,2,2,1,False,False,empty_structure,invalid_to_invalid,False,False,False,0,
83013,2,3,-1,False,False,empty_structure,invalid_to_invalid,False,False,False,0,
83013,2,3,1,False,False,empty_structure,invalid_to_invalid,False,False,False,0,
83013,2,4,-1,False,False,empty_structure,invalid_to_invalid,False,False,False,0,
83013,2,4,1,False,False,empty_structure,invalid_to_invalid,False,False,False,0,
83013,2,5,-1,False,False,empty_structure,invalid_to_invalid,False,False,False,0,
83013,2,5,1,False,False,empty_structure,invalid_to_invalid,False,False,False,0,
83013,2,6,-1,False,False,empty_structure,invalid_to_invalid,False,False,False,0,
83013,2,6,1,False,False,empty_structure,invalid_to_invalid,False,False,False,0,
83013,2,7,-1,False,False,empty_structure,invalid_to_invalid,False,False,False,0,
83013,2,7,1,False,False,empty_structure,invalid_to_invalid,True,False,False,0,
83013,2,8,-1,False,False,empty_structure,invalid_to_invalid,False,False,False,0,
83013,2,8,1,False,False,empty_structure,invalid_to_invalid,False,False,False,0,
83013,2,9,-1,False,False,empty_structure,invalid_to_invalid,False,False,False,-35,
83013,2,9,1,False,False,empty_structure,invalid_to_invalid,False,False,False,35,
83013,3,0,-1,False,False,empty_structure,invalid_to_invalid,False,False,False,0,
83013,3,0,1,False,False,empty_structure,invalid_to_invalid,False,False,False,0,
83013,3,1,-1,False,False,empty_structure,invalid_to_invalid,False,False,False,0,
83013,3,1,1,False,False,empty_structure,invalid_to_invalid,False,False,False,0,
83013,3,2,-1,False,True,developed,invalid_to_valid,False,True,True,1,
83013,3,2,1,False,False,empty_structure,invalid_to_invalid,False,False,False,0,
83013,3,3,-1,False,False,empty_structure,invalid_to_invalid,False,False,False,0,
83013,3,3,1,False,False,empty_structure,invalid_to_invalid,False,False,False,0,
83013,3,4,-1,False,False,empty_structure,invalid_to_invalid,False,False,False,0,
83013,3,4,1,False,False,empty_structure,invalid_to_invalid,False,False,False,0,
83013,3,5,-1,False,False,empty_structure,invalid_to_invalid,False,False,False,0,
83013,3,5,1,False,False,empty_structure,invalid_to_invalid,False,False,False,0,
83013,3,6,-1,False,False,empty_structure,invalid_to_invalid,False,False,False,0,
83013,3,6,1,False,False,empty_structure,invalid_to_invalid,True,False,False,0,
83013,3,7,-1,False,False,empty_structure,invalid_to_invalid,False,False,False,0,
83013,3,7,1,False,False,empty_structure,invalid_to_invalid,False,False,False,0,
83013,3,8,-1,False,False,empty_structure,invalid_to_invalid,False,False,False,0,
83013,3,8,1,False,False,empty_structure,invalid_to_invalid,False,False,False,0,
83013,3,9,-1,False,False,empty_structure,invalid_to_invalid,True,False,False,0,
83013,3,9,1,False,False,empty_structure,invalid_to_invalid,False,False,False,35,
83013,4,0,-1,False,False,empty_structure,invalid_to_invalid,False,False,False,0,
83013,4,0,1,False,False,empty_structure,invalid_to_invalid,False,False,False,0,
83013,4,1,-1,False,False,empty_structure,invalid_to_invalid,False,False,False,0,
83013,4,1,1,False,False,empty_structure,invalid_to_invalid,False,False,False,0,
83013,4,2,-1,False,False,empty_structure,invalid_to_invalid,False,False,False,0,
83013,4,2,1,False,False,empty_structure,invalid_to_invalid,False,False,False,0,
83013,4,3,-1,False,False,empty_structure,invalid_to_invalid,False,False,False,0,
83013,4,3,1,False,False,empty_structure,invalid_to_invalid,False,False,False,0,
83013,4,4,-1,False,False,empty_structure,invalid_to_invalid,False,False,False,0,
83013,4,4,1,False,False,empty_structure,invalid_to_invalid,False,False,False,0,
83013,4,5,-1,False,False,empty_structure,invalid_to_invalid,False,False,False,0,
83013,4,5,1,False,False,empty_structure,invalid_to_invalid,False,False,False,0,
83013,4,6,-1,False,False,empty_structure,invalid_to_invalid,False,False,False,0,
83013,4,6,1,False,False,empty_structure,invalid_to_invalid,True,False,False,0,
83013,4,7,-1,False,False,empty_structure,invalid_to_invalid,False,False,False,0,
83013,4,7,1,False,False,empty_structure,invalid_to_invalid,False,False,False,0,
83013,4,8,-1,False,False,empty_structure,invalid_to_invalid,False,False,False,0,
83013,4,8,1,False,False,empty_structure,invalid_to_invalid,False,False,False,0,
83013,4,9,-1,False,False,empty_structure,invalid_to_invalid,False,False,False,-35,
83013,4,9,1,False,False,empty_structure,invalid_to_invalid,False,False,False,35,
83014,0,0,-1,False,False,empty_structure,invalid_to_invalid,False,False,False,0,
83014,0,0,1,False,False,empty_structure,invalid_to_invalid,False,False,False,0,
83014,0,1,-1,False,False,empty_structure,invalid_to_invalid,False,False,False,0,
83014,0,1,1,False,False,empty_structure,invalid_to_invalid,False,False,False,0,
83014,0,2,-1,False,False,empty_structure,invalid_to_invalid,False,False,False,0,
83014,0,2,1,False,False,empty_structure,invalid_to_invalid,False,False,False,0,
83014,0,3,-1,False,False,empty_structure,invalid_to_invalid,False,False,False,0,
83014,0,3,1,False,False,empty_structure,invalid_to_invalid,False,False,False,0,
83014,0,4,-1,False,False,empty_structure,invalid_to_invalid,False,False,False,0,
83014,0,4,1,False,False,empty_structure,invalid_to_invalid,False,False,False,0,
83014,0,5,-1,False,False,empty_structure,invalid_to_invalid,False,False,False,0,
83014,0,5,1,False,False,empty_structure,invalid_to_invalid,False,False,False,0,
83014,0,6,-1,False,False,empty_structure,invalid_to_invalid,True,False,False,0,
83014,0,6,1,False,False,empty_structure,invalid_to_invalid,False,False,False,0,
83014,0,7,-1,False,False,empty_structure,invalid_to_invalid,False,False,False,0,
83014,0,7,1,False,False,empty_structure,invalid_to_invalid,False,False,False,0,
83014,0,8,-1,False,False,empty_structure,invalid_to_invalid,False,False,False,0,
83014,0,8,1,False,False,empty_structure,invalid_to_invalid,False,False,False,0,
83014,0,9,-1,False,False,empty_structure,invalid_to_invalid,False,False,False,-35,
83014,0,9,1,False,False,empty_structure,invalid_to_invalid,False,False,False,35,
83014,1,0,-1,False,False,empty_structure,invalid_to_invalid,False,False,False,0,
83014,1,0,1,False,False,empty_structure,invalid_to_invalid,False,False,False,0,
83014,1,1,-1,False,False,empty_structure,invalid_to_invalid,False,False,False,0,
83014,1,1,1,False,False,empty_structure,invalid_to_invalid,False,False,False,0,
83014,1,2,-1,False,False,empty_structure,invalid_to_invalid,False,False,False,0,
83014,1,2,1,False,False,empty_structure,invalid_to_invalid,False,False,False,0,
83014,1,3,-1,False,False,empty_structure,invalid_to_invalid,False,False,False,0,
83014,1,3,1,False,False,empty_structure,invalid_to_invalid,False,False,False,0,
83014,1,4,-1,False,False,empty_structure,invalid_to_invalid,False,False,False,0,
83014,1,4,1,False,False,empty_structure,invalid_to_invalid,False,False,False,0,
83014,1,5,-1,False,False,empty_structure,invalid_to_invalid,False,False,False,0,
83014,1,5,1,False,False,empty_structure,invalid_to_invalid,False,False,False,0,
83014,1,6,-1,False,False,empty_structure,invalid_to_invalid,False,False,False,0,
83014,1,6,1,False,False,empty_structure,invalid_to_invalid,False,False,False,0,
83014,1,7,-1,False,False,empty_structure,invalid_to_invalid,False,False,False,0,
83014,1,7,1,False,False,empty_structure,invalid_to_invalid,False,False,False,0,
83014,1,8,-1,False,False,empty_structure,invalid_to_invalid,False,False,False,0,
83014,1,8,1,False,False,empty_structure,invalid_to_invalid,False,False,False,0,
83014,1,9,-1,False,False,empty_structure,invalid_to_invalid,False,False,False,-35,
83014,1,9,1,False,False,empty_structure,invalid_to_invalid,False,False,False,35,
83014,2,0,-1,True,True,developed,valid_to_valid,False,False,False,0,0
83014,2,0,1,True,True,developed,valid_to_valid,False,False,False,0,0
83014,2,1,-1,True,True,developed,valid_to_valid,False,False,False,0,0
83014,2,1,1,True,True,developed,valid_to_valid,False,False,False,0,0
83014,2,2,-1,True,True,developed,valid_to_valid,False,True,True,0,13/80
83014,2,2,1,True,True,developed,valid_to_valid,False,True,True,0,0
83014,2,3,-1,True,True,developed,valid_to_valid,False,True,False,0,0
83014,2,3,1,True,True,developed,valid_to_valid,False,True,False,0,0
83014,2,4,-1,True,True,developed,valid_to_valid,False,True,True,0,1/16
83014,2,4,1,True,True,developed,valid_to_valid,False,True,True,0,1/16
83014,2,5,-1,True,True,developed,valid_to_valid,False,True,False,0,0
83014,2,5,1,True,True,developed,valid_to_valid,False,True,False,0,0
83014,2,6,-1,True,True,developed,valid_to_valid,True,False,False,0,0
83014,2,6,1,True,False,empty_structure,valid_to_invalid,False,True,True,-2,
83014,2,7,-1,True,True,developed,valid_to_valid,False,True,False,0,0
83014,2,7,1,True,True,developed,valid_to_valid,False,True,False,0,0
83014,2,8,-1,True,True,developed,valid_to_valid,False,False,False,0,0
83014,2,8,1,True,True,developed,valid_to_valid,False,False,False,0,0
83014,2,9,-1,True,True,developed,valid_to_valid,False,True,False,-35,0
83014,2,9,1,True,True,developed,valid_to_valid,False,True,False,35,0
83014,3,0,-1,False,False,empty_structure,invalid_to_invalid,True,False,False,0,
83014,3,0,1,False,False,empty_structure,invalid_to_invalid,False,False,False,0,
83014,3,1,-1,False,False,empty_structure,invalid_to_invalid,False,False,False,0,
83014,3,1,1,False,False,empty_structure,invalid_to_invalid,False,False,False,0,
83014,3,2,-1,False,False,empty_structure,invalid_to_invalid,False,False,False,0,
83014,3,2,1,False,False,empty_structure,invalid_to_invalid,False,False,False,0,
83014,3,3,-1,False,False,empty_structure,invalid_to_invalid,False,False,False,0,
83014,3,3,1,False,False,empty_structure,invalid_to_invalid,False,False,False,0,
83014,3,4,-1,False,False,empty_structure,invalid_to_invalid,False,False,False,0,
83014,3,4,1,False,False,empty_structure,invalid_to_invalid,True,False,False,0,
83014,3,5,-1,False,False,empty_structure,invalid_to_invalid,False,False,False,0,
83014,3,5,1,False,False,empty_structure,invalid_to_invalid,False,False,False,0,
83014,3,6,-1,False,False,empty_structure,invalid_to_invalid,False,False,False,0,
83014,3,6,1,False,False,empty_structure,invalid_to_invalid,False,False,False,0,
83014,3,7,-1,False,False,empty_structure,invalid_to_invalid,False,False,False,0,
83014,3,7,1,False,False,empty_structure,invalid_to_invalid,True,False,False,0,
83014,3,8,-1,False,False,empty_structure,invalid_to_invalid,False,False,False,0,
83014,3,8,1,False,False,empty_structure,invalid_to_invalid,False,False,False,0,
83014,3,9,-1,False,False,empty_structure,invalid_to_invalid,False,False,False,-35,
83014,3,9,1,False,False,empty_structure,invalid_to_invalid,False,False,False,35,
83014,4,0,-1,False,False,empty_structure,invalid_to_invalid,False,False,False,0,
83014,4,0,1,False,False,empty_structure,invalid_to_invalid,False,False,False,0,
83014,4,1,-1,False,False,empty_structure,invalid_to_invalid,False,False,False,0,
83014,4,1,1,False,False,empty_structure,invalid_to_invalid,False,False,False,0,
83014,4,2,-1,False,False,empty_structure,invalid_to_invalid,False,False,False,0,
83014,4,2,1,False,False,empty_structure,invalid_to_invalid,False,False,False,0,
83014,4,3,-1,False,False,empty_structure,invalid_to_invalid,False,False,False,0,
83014,4,3,1,False,False,empty_structure,invalid_to_invalid,False,False,False,0,
83014,4,4,-1,False,False,empty_structure,invalid_to_invalid,False,False,False,0,
83014,4,4,1,False,False,empty_structure,invalid_to_invalid,False,False,False,0,
83014,4,5,-1,False,False,empty_structure,invalid_to_invalid,False,False,False,0,
83014,4,5,1,False,False,empty_structure,invalid_to_invalid,False,False,False,0,
83014,4,6,-1,False,False,empty_structure,invalid_to_invalid,False,False,False,0,
83014,4,6,1,False,False,empty_structure,invalid_to_invalid,True,False,False,0,
83014,4,7,-1,False,False,empty_structure,invalid_to_invalid,False,False,False,0,
83014,4,7,1,False,False,empty_structure,invalid_to_invalid,False,False,False,0,
83014,4,8,-1,False,False,empty_structure,invalid_to_invalid,False,False,False,0,
83014,4,8,1,False,False,empty_structure,invalid_to_invalid,False,False,False,0,
83014,4,9,-1,False,False,empty_structure,invalid_to_invalid,False,False,False,-35,
83014,4,9,1,False,False,empty_structure,invalid_to_invalid,True,False,False,0,
83015,0,0,-1,True,True,developed,valid_to_valid,False,True,True,0,11/16
83015,0,0,1,True,True,developed,valid_to_valid,False,True,True,3,7/32
83015,0,1,-1,True,True,developed,valid_to_valid,False,False,False,0,0
83015,0,1,1,True,True,developed,valid_to_valid,False,False,False,0,0
83015,0,2,-1,True,True,developed,valid_to_valid,False,True,True,2,7/8
83015,0,2,1,True,True,developed,valid_to_valid,False,True,True,3,1/2
83015,0,3,-1,True,True,developed,valid_to_valid,False,False,False,0,0
83015,0,3,1,True,True,developed,valid_to_valid,False,False,False,0,0
83015,0,4,-1,True,True,developed,valid_to_valid,False,True,True,0,5/32
83015,0,4,1,True,True,developed,valid_to_valid,False,True,True,-2,13/20
83015,0,5,-1,True,True,developed,valid_to_valid,False,False,False,0,0
83015,0,5,1,True,True,developed,valid_to_valid,False,False,False,0,0
83015,0,6,-1,True,True,developed,valid_to_valid,False,True,False,0,0
83015,0,6,1,True,True,developed,valid_to_valid,True,False,False,0,0
83015,0,7,-1,True,True,developed,valid_to_valid,False,True,False,0,0
83015,0,7,1,True,True,developed,valid_to_valid,False,True,False,0,0
83015,0,8,-1,True,True,developed,valid_to_valid,False,False,False,0,0
83015,0,8,1,True,True,developed,valid_to_valid,False,False,False,0,0
83015,0,9,-1,True,True,developed,valid_to_valid,True,False,False,0,0
83015,0,9,1,True,True,developed,valid_to_valid,False,True,True,37,1/4
83015,1,0,-1,True,True,developed,valid_to_valid,False,True,True,1,3/5
83015,1,0,1,True,True,developed,valid_to_valid,False,True,True,2,1/8
83015,1,1,-1,True,True,developed,valid_to_valid,False,False,False,0,0
83015,1,1,1,True,True,developed,valid_to_valid,False,True,True,1,0
83015,1,2,-1,True,True,developed,valid_to_valid,False,True,True,0,1/10
83015,1,2,1,True,True,developed,valid_to_valid,False,True,True,0,1/10
83015,1,3,-1,True,True,developed,valid_to_valid,False,True,False,0,0
83015,1,3,1,True,True,developed,valid_to_valid,False,False,False,0,0
83015,1,4,-1,True,True,developed,valid_to_valid,False,True,False,0,0
83015,1,4,1,True,True,developed,valid_to_valid,False,True,True,1,0
83015,1,5,-1,True,True,developed,valid_to_valid,False,False,False,0,0
83015,1,5,1,True,True,developed,valid_to_valid,False,False,False,0,0
83015,1,6,-1,True,True,developed,valid_to_valid,False,True,True,-5,11/20
83015,1,6,1,True,True,developed,valid_to_valid,False,True,True,1,13/80
83015,1,7,-1,True,True,developed,valid_to_valid,True,False,False,0,0
83015,1,7,1,True,True,developed,valid_to_valid,False,True,True,-5,3/10
83015,1,8,-1,True,True,developed,valid_to_valid,False,True,True,1,0
83015,1,8,1,True,True,developed,valid_to_valid,False,False,False,0,0
83015,1,9,-1,True,True,developed,valid_to_valid,False,True,False,-35,0
83015,1,9,1,True,True,developed,valid_to_valid,False,True,False,35,0
83015,2,0,-1,True,True,developed,valid_to_valid,False,True,True,2,39/160
83015,2,0,1,True,True,developed,valid_to_valid,False,True,True,0,39/160
83015,2,1,-1,True,True,developed,valid_to_valid,False,True,False,0,0
83015,2,1,1,True,True,developed,valid_to_valid,False,True,False,0,0
83015,2,2,-1,True,True,developed,valid_to_valid,False,True,True,5,141/160
83015,2,2,1,True,True,developed,valid_to_valid,False,True,True,-3,7/20
83015,2,3,-1,True,True,developed,valid_to_valid,False,False,False,0,0
83015,2,3,1,True,True,developed,valid_to_valid,False,False,False,0,0
83015,2,4,-1,True,True,developed,valid_to_valid,False,True,True,-3,3/20
83015,2,4,1,True,True,developed,valid_to_valid,False,True,True,3,29/160
83015,2,5,-1,True,True,developed,valid_to_valid,False,True,False,0,0
83015,2,5,1,True,True,developed,valid_to_valid,False,False,False,0,0
83015,2,6,-1,True,True,developed,valid_to_valid,False,True,True,-6,47/240
83015,2,6,1,True,True,developed,valid_to_valid,False,True,True,3,3/32
83015,2,7,-1,True,True,developed,valid_to_valid,True,False,False,0,0
83015,2,7,1,True,True,developed,valid_to_valid,False,True,True,-2,0
83015,2,8,-1,True,True,developed,valid_to_valid,False,True,True,3,7/32
83015,2,8,1,True,True,developed,valid_to_valid,False,False,False,0,0
83015,2,9,-1,True,True,developed,valid_to_valid,False,True,True,-37,0
83015,2,9,1,True,True,developed,valid_to_valid,False,True,False,35,0
83015,3,0,-1,False,False,empty_structure,invalid_to_invalid,False,False,False,0,
83015,3,0,1,False,False,empty_structure,invalid_to_invalid,False,False,False,0,
83015,3,1,-1,False,False,empty_structure,invalid_to_invalid,False,False,False,0,
83015,3,1,1,False,False,empty_structure,invalid_to_invalid,False,False,False,0,
83015,3,2,-1,False,False,empty_structure,invalid_to_invalid,False,False,False,0,
83015,3,2,1,False,False,empty_structure,invalid_to_invalid,False,False,False,0,
83015,3,3,-1,False,False,empty_structure,invalid_to_invalid,False,False,False,0,
83015,3,3,1,False,False,empty_structure,invalid_to_invalid,False,False,False,0,
83015,3,4,-1,False,False,empty_structure,invalid_to_invalid,False,False,False,0,
83015,3,4,1,False,False,empty_structure,invalid_to_invalid,False,False,False,0,
83015,3,5,-1,False,False,empty_structure,invalid_to_invalid,False,False,False,0,
83015,3,5,1,False,False,empty_structure,invalid_to_invalid,False,False,False,0,
83015,3,6,-1,False,False,empty_structure,invalid_to_invalid,False,False,False,0,
83015,3,6,1,False,False,empty_structure,invalid_to_invalid,False,False,False,0,
83015,3,7,-1,False,False,empty_structure,invalid_to_invalid,False,False,False,0,
83015,3,7,1,False,False,empty_structure,invalid_to_invalid,False,False,False,0,
83015,3,8,-1,False,False,empty_structure,invalid_to_invalid,False,False,False,0,
83015,3,8,1,False,False,empty_structure,invalid_to_invalid,False,False,False,0,
83015,3,9,-1,False,False,empty_structure,invalid_to_invalid,False,False,False,-35,
83015,3,9,1,False,False,empty_structure,invalid_to_invalid,False,False,False,35,
83015,4,0,-1,False,False,empty_structure,invalid_to_invalid,False,False,False,0,
83015,4,0,1,False,False,empty_structure,invalid_to_invalid,False,False,False,0,
83015,4,1,-1,False,False,empty_structure,invalid_to_invalid,False,False,False,0,
83015,4,1,1,False,False,empty_structure,invalid_to_invalid,False,False,False,0,
83015,4,2,-1,False,False,empty_structure,invalid_to_invalid,False,False,False,0,
83015,4,2,1,False,False,empty_structure,invalid_to_invalid,False,False,False,0,
83015,4,3,-1,False,False,empty_structure,invalid_to_invalid,False,False,False,0,
83015,4,3,1,False,False,empty_structure,invalid_to_invalid,False,False,False,0,
83015,4,4,-1,False,False,empty_structure,invalid_to_invalid,False,False,False,0,
83015,4,4,1,False,False,empty_structure,invalid_to_invalid,False,False,False,0,
83015,4,5,-1,False,False,empty_structure,invalid_to_invalid,False,False,False,0,
83015,4,5,1,False,False,empty_structure,invalid_to_invalid,False,False,False,0,
83015,4,6,-1,False,False,empty_structure,invalid_to_invalid,False,False,False,0,
83015,4,6,1,False,False,empty_structure,invalid_to_invalid,False,False,False,0,
83015,4,7,-1,False,False,empty_structure,invalid_to_invalid,False,False,False,0,
83015,4,7,1,False,False,empty_structure,invalid_to_invalid,False,False,False,0,
83015,4,8,-1,False,False,empty_structure,invalid_to_invalid,False,False,False,0,
83015,4,8,1,False,False,empty_structure,invalid_to_invalid,False,False,False,0,
83015,4,9,-1,False,False,empty_structure,invalid_to_invalid,False,False,False,-35,
83015,4,9,1,False,False,empty_structure,invalid_to_invalid,False,False,False,35,
83016,0,0,-1,False,False,empty_structure,invalid_to_invalid,False,False,False,0,
83016,0,0,1,False,False,empty_structure,invalid_to_invalid,False,False,False,0,
83016,0,1,-1,False,False,empty_structure,invalid_to_invalid,False,False,False,0,
83016,0,1,1,False,False,empty_structure,invalid_to_invalid,False,False,False,0,
83016,0,2,-1,False,False,empty_structure,invalid_to_invalid,False,False,False,0,
83016,0,2,1,False,False,empty_structure,invalid_to_invalid,False,False,False,0,
83016,0,3,-1,False,False,empty_structure,invalid_to_invalid,False,False,False,0,
83016,0,3,1,False,False,empty_structure,invalid_to_invalid,False,False,False,0,
83016,0,4,-1,False,False,empty_structure,invalid_to_invalid,False,False,False,0,
83016,0,4,1,False,False,empty_structure,invalid_to_invalid,False,False,False,0,
83016,0,5,-1,False,False,empty_structure,invalid_to_invalid,False,False,False,0,
83016,0,5,1,False,False,empty_structure,invalid_to_invalid,False,False,False,0,
83016,0,6,-1,False,False,empty_structure,invalid_to_invalid,False,False,False,0,
83016,0,6,1,False,False,empty_structure,invalid_to_invalid,False,False,False,0,
83016,0,7,-1,False,False,empty_structure,invalid_to_invalid,False,False,False,0,
83016,0,7,1,False,False,empty_structure,invalid_to_invalid,False,False,False,0,
83016,0,8,-1,False,False,empty_structure,invalid_to_invalid,False,False,False,0,
83016,0,8,1,False,False,empty_structure,invalid_to_invalid,False,False,False,0,
83016,0,9,-1,False,False,empty_structure,invalid_to_invalid,False,False,False,-35,
83016,0,9,1,False,False,empty_structure,invalid_to_invalid,False,False,False,35,
83016,1,0,-1,True,True,developed,valid_to_valid,True,False,False,0,0
83016,1,0,1,True,True,developed,valid_to_valid,False,True,True,0,1/20
83016,1,1,-1,True,True,developed,valid_to_valid,False,True,False,0,0
83016,1,1,1,True,True,developed,valid_to_valid,False,False,False,0,0
83016,1,2,-1,True,True,developed,valid_to_valid,False,False,False,0,0
83016,1,2,1,True,True,developed,valid_to_valid,False,False,False,0,0
83016,1,3,-1,True,True,developed,valid_to_valid,False,False,False,0,0
83016,1,3,1,True,True,developed,valid_to_valid,False,False,False,0,0
83016,1,4,-1,True,True,developed,valid_to_valid,False,False,False,0,0
83016,1,4,1,True,True,developed,valid_to_valid,False,False,False,0,0
83016,1,5,-1,True,True,developed,valid_to_valid,False,False,False,0,0
83016,1,5,1,True,True,developed,valid_to_valid,False,False,False,0,0
83016,1,6,-1,True,True,developed,valid_to_valid,False,True,False,0,0
83016,1,6,1,True,True,developed,valid_to_valid,False,True,False,0,0
83016,1,7,-1,True,True,developed,valid_to_valid,True,False,False,0,0
83016,1,7,1,True,True,developed,valid_to_valid,False,True,False,0,0
83016,1,8,-1,True,True,developed,valid_to_valid,False,False,False,0,0
83016,1,8,1,True,True,developed,valid_to_valid,False,False,False,0,0
83016,1,9,-1,True,True,developed,valid_to_valid,True,False,False,0,0
83016,1,9,1,True,True,developed,valid_to_valid,False,True,False,35,0
83016,2,0,-1,False,False,empty_structure,invalid_to_invalid,False,False,False,0,
83016,2,0,1,False,False,empty_structure,invalid_to_invalid,False,False,False,0,
83016,2,1,-1,False,False,empty_structure,invalid_to_invalid,False,False,False,0,
83016,2,1,1,False,False,empty_structure,invalid_to_invalid,False,False,False,0,
83016,2,2,-1,False,False,empty_structure,invalid_to_invalid,False,False,False,0,
83016,2,2,1,False,False,empty_structure,invalid_to_invalid,False,False,False,0,
83016,2,3,-1,False,False,empty_structure,invalid_to_invalid,False,False,False,0,
83016,2,3,1,False,False,empty_structure,invalid_to_invalid,False,False,False,0,
83016,2,4,-1,False,False,empty_structure,invalid_to_invalid,False,False,False,0,
83016,2,4,1,False,False,empty_structure,invalid_to_invalid,False,False,False,0,
83016,2,5,-1,False,False,empty_structure,invalid_to_invalid,False,False,False,0,
83016,2,5,1,False,False,empty_structure,invalid_to_invalid,False,False,False,0,
83016,2,6,-1,False,False,empty_structure,invalid_to_invalid,False,False,False,0,
83016,2,6,1,False,False,empty_structure,invalid_to_invalid,True,False,False,0,
83016,2,7,-1,False,False,empty_structure,invalid_to_invalid,False,False,False,0,
83016,2,7,1,False,False,empty_structure,invalid_to_invalid,False,False,False,0,
83016,2,8,-1,False,False,empty_structure,invalid_to_invalid,False,False,False,0,
83016,2,8,1,False,False,empty_structure,invalid_to_invalid,False,False,False,0,
83016,2,9,-1,False,False,empty_structure,invalid_to_invalid,False,False,False,-35,
83016,2,9,1,False,False,empty_structure,invalid_to_invalid,False,False,False,35,
83016,3,0,-1,False,False,empty_structure,invalid_to_invalid,False,False,False,0,
83016,3,0,1,False,False,empty_structure,invalid_to_invalid,False,False,False,0,
83016,3,1,-1,False,False,empty_structure,invalid_to_invalid,False,False,False,0,
83016,3,1,1,False,False,empty_structure,invalid_to_invalid,False,False,False,0,
83016,3,2,-1,False,False,empty_structure,invalid_to_invalid,False,False,False,0,
83016,3,2,1,False,False,empty_structure,invalid_to_invalid,False,False,False,0,
83016,3,3,-1,False,False,empty_structure,invalid_to_invalid,False,False,False,0,
83016,3,3,1,False,False,empty_structure,invalid_to_invalid,False,False,False,0,
83016,3,4,-1,False,False,empty_structure,invalid_to_invalid,False,False,False,0,
83016,3,4,1,False,False,empty_structure,invalid_to_invalid,False,False,False,0,
83016,3,5,-1,False,False,empty_structure,invalid_to_invalid,False,False,False,0,
83016,3,5,1,False,False,empty_structure,invalid_to_invalid,False,False,False,0,
83016,3,6,-1,False,False,empty_structure,invalid_to_invalid,False,False,False,0,
83016,3,6,1,False,False,empty_structure,invalid_to_invalid,False,False,False,0,
83016,3,7,-1,False,False,empty_structure,invalid_to_invalid,False,False,False,0,
83016,3,7,1,False,False,empty_structure,invalid_to_invalid,False,False,False,0,
83016,3,8,-1,False,False,empty_structure,invalid_to_invalid,False,False,False,0,
83016,3,8,1,False,False,empty_structure,invalid_to_invalid,False,False,False,0,
83016,3,9,-1,False,False,empty_structure,invalid_to_invalid,False,False,False,-35,
83016,3,9,1,False,False,empty_structure,invalid_to_invalid,False,False,False,35,
83016,4,0,-1,False,False,empty_structure,invalid_to_invalid,True,False,False,0,
83016,4,0,1,False,False,empty_structure,invalid_to_invalid,False,False,False,0,
83016,4,1,-1,False,False,empty_structure,invalid_to_invalid,False,False,False,0,
83016,4,1,1,False,False,empty_structure,invalid_to_invalid,False,False,False,0,
83016,4,2,-1,False,False,empty_structure,invalid_to_invalid,False,False,False,0,
83016,4,2,1,False,False,empty_structure,invalid_to_invalid,False,False,False,0,
83016,4,3,-1,False,False,empty_structure,invalid_to_invalid,False,False,False,0,
83016,4,3,1,False,False,empty_structure,invalid_to_invalid,False,False,False,0,
83016,4,4,-1,False,False,empty_structure,invalid_to_invalid,False,False,False,0,
83016,4,4,1,False,False,empty_structure,invalid_to_invalid,False,False,False,0,
83016,4,5,-1,False,False,empty_structure,invalid_to_invalid,False,False,False,0,
83016,4,5,1,False,False,empty_structure,invalid_to_invalid,False,False,False,0,
83016,4,6,-1,False,False,empty_structure,invalid_to_invalid,False,False,False,0,
83016,4,6,1,False,False,empty_structure,invalid_to_invalid,False,False,False,0,
83016,4,7,-1,False,False,empty_structure,invalid_to_invalid,False,False,False,0,
83016,4,7,1,False,False,empty_structure,invalid_to_invalid,True,False,False,0,
83016,4,8,-1,False,False,empty_structure,invalid_to_invalid,False,False,False,0,
83016,4,8,1,False,False,empty_structure,invalid_to_invalid,False,False,False,0,
83016,4,9,-1,False,False,empty_structure,invalid_to_invalid,False,False,False,-35,
83016,4,9,1,False,False,empty_structure,invalid_to_invalid,False,False,False,35,
83017,0,0,-1,False,False,empty_structure,invalid_to_invalid,False,False,False,0,
83017,0,0,1,False,False,empty_structure,invalid_to_invalid,False,False,False,0,
83017,0,1,-1,False,False,empty_structure,invalid_to_invalid,False,False,False,0,
83017,0,1,1,False,False,empty_structure,invalid_to_invalid,False,False,False,0,
83017,0,2,-1,False,False,empty_structure,invalid_to_invalid,False,False,False,0,
83017,0,2,1,False,False,empty_structure,invalid_to_invalid,False,False,False,0,
83017,0,3,-1,False,False,empty_structure,invalid_to_invalid,False,False,False,0,
83017,0,3,1,False,False,empty_structure,invalid_to_invalid,False,False,False,0,
83017,0,4,-1,False,False,empty_structure,invalid_to_invalid,False,False,False,0,
83017,0,4,1,False,False,empty_structure,invalid_to_invalid,False,False,False,0,
83017,0,5,-1,False,False,empty_structure,invalid_to_invalid,False,False,False,0,
83017,0,5,1,False,False,empty_structure,invalid_to_invalid,False,False,False,0,
83017,0,6,-1,False,False,empty_structure,invalid_to_invalid,True,False,False,0,
83017,0,6,1,False,False,empty_structure,invalid_to_invalid,False,False,False,0,
83017,0,7,-1,False,False,empty_structure,invalid_to_invalid,False,False,False,0,
83017,0,7,1,False,False,empty_structure,invalid_to_invalid,False,False,False,0,
83017,0,8,-1,False,False,empty_structure,invalid_to_invalid,False,False,False,0,
83017,0,8,1,False,False,empty_structure,invalid_to_invalid,False,False,False,0,
83017,0,9,-1,False,False,empty_structure,invalid_to_invalid,False,False,False,-35,
83017,0,9,1,False,False,empty_structure,invalid_to_invalid,False,False,False,35,
83017,1,0,-1,False,False,empty_structure,invalid_to_invalid,False,False,False,0,
83017,1,0,1,False,False,empty_structure,invalid_to_invalid,False,False,False,0,
83017,1,1,-1,False,False,empty_structure,invalid_to_invalid,False,False,False,0,
83017,1,1,1,False,False,empty_structure,invalid_to_invalid,False,False,False,0,
83017,1,2,-1,False,False,empty_structure,invalid_to_invalid,False,False,False,0,
83017,1,2,1,False,False,empty_structure,invalid_to_invalid,False,False,False,0,
83017,1,3,-1,False,False,empty_structure,invalid_to_invalid,False,False,False,0,
83017,1,3,1,False,False,empty_structure,invalid_to_invalid,False,False,False,0,
83017,1,4,-1,False,False,empty_structure,invalid_to_invalid,False,False,False,0,
83017,1,4,1,False,False,empty_structure,invalid_to_invalid,False,False,False,0,
83017,1,5,-1,False,False,empty_structure,invalid_to_invalid,False,False,False,0,
83017,1,5,1,False,False,empty_structure,invalid_to_invalid,False,False,False,0,
83017,1,6,-1,False,False,empty_structure,invalid_to_invalid,False,False,False,0,
83017,1,6,1,False,False,empty_structure,invalid_to_invalid,False,False,False,0,
83017,1,7,-1,False,False,empty_structure,invalid_to_invalid,False,False,False,0,
83017,1,7,1,False,False,empty_structure,invalid_to_invalid,False,False,False,0,
83017,1,8,-1,False,False,empty_structure,invalid_to_invalid,False,False,False,0,
83017,1,8,1,False,False,empty_structure,invalid_to_invalid,False,False,False,0,
83017,1,9,-1,False,False,empty_structure,invalid_to_invalid,False,False,False,-35,
83017,1,9,1,False,False,empty_structure,invalid_to_invalid,False,False,False,35,
83017,2,0,-1,False,False,empty_structure,invalid_to_invalid,False,False,False,0,
83017,2,0,1,False,False,empty_structure,invalid_to_invalid,False,False,False,0,
83017,2,1,-1,False,False,empty_structure,invalid_to_invalid,False,False,False,0,
83017,2,1,1,False,False,empty_structure,invalid_to_invalid,False,False,False,0,
83017,2,2,-1,False,False,empty_structure,invalid_to_invalid,False,False,False,0,
83017,2,2,1,False,False,empty_structure,invalid_to_invalid,False,False,False,0,
83017,2,3,-1,False,False,empty_structure,invalid_to_invalid,False,False,False,0,
83017,2,3,1,False,False,empty_structure,invalid_to_invalid,False,False,False,0,
83017,2,4,-1,False,False,empty_structure,invalid_to_invalid,False,False,False,0,
83017,2,4,1,False,False,empty_structure,invalid_to_invalid,False,False,False,0,
83017,2,5,-1,False,False,empty_structure,invalid_to_invalid,False,False,False,0,
83017,2,5,1,False,False,empty_structure,invalid_to_invalid,False,False,False,0,
83017,2,6,-1,False,False,empty_structure,invalid_to_invalid,True,False,False,0,
83017,2,6,1,False,False,empty_structure,invalid_to_invalid,False,False,False,0,
83017,2,7,-1,False,False,empty_structure,invalid_to_invalid,False,False,False,0,
83017,2,7,1,False,False,empty_structure,invalid_to_invalid,False,False,False,0,
83017,2,8,-1,False,False,empty_structure,invalid_to_invalid,False,False,False,0,
83017,2,8,1,False,False,empty_structure,invalid_to_invalid,False,False,False,0,
83017,2,9,-1,False,False,empty_structure,invalid_to_invalid,False,False,False,-35,
83017,2,9,1,False,False,empty_structure,invalid_to_invalid,False,False,False,35,
83017,3,0,-1,True,True,developed,valid_to_valid,False,True,True,-1,1/40
83017,3,0,1,True,True,developed,valid_to_valid,False,True,True,-1,1/40
83017,3,1,-1,True,True,developed,valid_to_valid,False,False,False,0,0
83017,3,1,1,True,True,developed,valid_to_valid,False,True,False,0,0
83017,3,2,-1,True,True,developed,valid_to_valid,False,True,True,-1,1/40
83017,3,2,1,True,True,developed,valid_to_valid,False,True,True,-1,1/10
83017,3,3,-1,True,True,developed,valid_to_valid,False,False,False,0,0
83017,3,3,1,True,True,developed,valid_to_valid,False,True,False,0,0
83017,3,4,-1,True,True,developed,valid_to_valid,False,True,True,1,7/80
83017,3,4,1,True,True,developed,valid_to_valid,False,False,False,0,0
83017,3,5,-1,True,True,developed,valid_to_valid,False,False,False,0,0
83017,3,5,1,True,True,developed,valid_to_valid,False,False,False,0,0
83017,3,6,-1,True,True,developed,valid_to_valid,False,True,True,1,7/80
83017,3,6,1,True,True,developed,valid_to_valid,False,True,False,0,0
83017,3,7,-1,True,True,developed,valid_to_valid,False,True,False,0,0
83017,3,7,1,True,True,developed,valid_to_valid,False,True,False,0,0
83017,3,8,-1,True,True,developed,valid_to_valid,False,False,False,0,0
83017,3,8,1,True,True,developed,valid_to_valid,False,False,False,0,0
83017,3,9,-1,True,True,developed,valid_to_valid,True,False,False,0,0
83017,3,9,1,True,False,empty_structure,valid_to_invalid,False,True,True,33,
83017,4,0,-1,False,False,empty_structure,invalid_to_invalid,False,False,False,0,
83017,4,0,1,False,False,empty_structure,invalid_to_invalid,False,False,False,0,
83017,4,1,-1,False,False,empty_structure,invalid_to_invalid,False,False,False,0,
83017,4,1,1,False,False,empty_structure,invalid_to_invalid,False,False,False,0,
83017,4,2,-1,False,False,empty_structure,invalid_to_invalid,False,False,False,0,
83017,4,2,1,False,False,empty_structure,invalid_to_invalid,False,False,False,0,
83017,4,3,-1,False,False,empty_structure,invalid_to_invalid,False,False,False,0,
83017,4,3,1,False,False,empty_structure,invalid_to_invalid,False,False,False,0,
83017,4,4,-1,False,False,empty_structure,invalid_to_invalid,False,False,False,0,
83017,4,4,1,False,False,empty_structure,invalid_to_invalid,False,False,False,0,
83017,4,5,-1,False,False,empty_structure,invalid_to_invalid,False,False,False,0,
83017,4,5,1,False,False,empty_structure,invalid_to_invalid,False,False,False,0,
83017,4,6,-1,False,False,empty_structure,invalid_to_invalid,False,False,False,0,
83017,4,6,1,False,False,empty_structure,invalid_to_invalid,False,False,False,0,
83017,4,7,-1,False,False,empty_structure,invalid_to_invalid,False,False,False,0,
83017,4,7,1,False,False,empty_structure,invalid_to_invalid,False,False,False,0,
83017,4,8,-1,False,False,empty_structure,invalid_to_invalid,False,False,False,0,
83017,4,8,1,False,False,empty_structure,invalid_to_invalid,False,False,False,0,
83017,4,9,-1,False,False,empty_structure,invalid_to_invalid,True,False,False,0,
83017,4,9,1,False,False,empty_structure,invalid_to_invalid,False,False,False,35,
83018,0,0,-1,False,False,empty_structure,invalid_to_invalid,False,False,False,0,
83018,0,0,1,False,False,empty_structure,invalid_to_invalid,False,False,False,0,
83018,0,1,-1,False,False,empty_structure,invalid_to_invalid,False,False,False,0,
83018,0,1,1,False,False,empty_structure,invalid_to_invalid,False,False,False,0,
83018,0,2,-1,False,False,empty_structure,invalid_to_invalid,False,False,False,0,
83018,0,2,1,False,False,empty_structure,invalid_to_invalid,False,False,False,0,
83018,0,3,-1,False,False,empty_structure,invalid_to_invalid,False,False,False,0,
83018,0,3,1,False,False,empty_structure,invalid_to_invalid,False,False,False,0,
83018,0,4,-1,False,False,empty_structure,invalid_to_invalid,False,False,False,0,
83018,0,4,1,False,False,empty_structure,invalid_to_invalid,False,False,False,0,
83018,0,5,-1,False,False,empty_structure,invalid_to_invalid,False,False,False,0,
83018,0,5,1,False,False,empty_structure,invalid_to_invalid,False,False,False,0,
83018,0,6,-1,False,False,empty_structure,invalid_to_invalid,False,False,False,0,
83018,0,6,1,False,False,empty_structure,invalid_to_invalid,False,False,False,0,
83018,0,7,-1,False,False,empty_structure,invalid_to_invalid,False,False,False,0,
83018,0,7,1,False,False,empty_structure,invalid_to_invalid,False,False,False,0,
83018,0,8,-1,False,False,empty_structure,invalid_to_invalid,False,False,False,0,
83018,0,8,1,False,False,empty_structure,invalid_to_invalid,False,False,False,0,
83018,0,9,-1,False,False,empty_structure,invalid_to_invalid,False,False,False,-35,
83018,0,9,1,False,False,empty_structure,invalid_to_invalid,False,False,False,35,
83018,1,0,-1,False,False,empty_structure,invalid_to_invalid,False,False,False,0,
83018,1,0,1,False,False,empty_structure,invalid_to_invalid,False,False,False,0,
83018,1,1,-1,False,False,empty_structure,invalid_to_invalid,False,False,False,0,
83018,1,1,1,False,False,empty_structure,invalid_to_invalid,False,False,False,0,
83018,1,2,-1,False,False,empty_structure,invalid_to_invalid,False,False,False,0,
83018,1,2,1,False,False,empty_structure,invalid_to_invalid,False,False,False,0,
83018,1,3,-1,False,False,empty_structure,invalid_to_invalid,False,False,False,0,
83018,1,3,1,False,False,empty_structure,invalid_to_invalid,False,False,False,0,
83018,1,4,-1,False,False,empty_structure,invalid_to_invalid,False,False,False,0,
83018,1,4,1,False,False,empty_structure,invalid_to_invalid,False,False,False,0,
83018,1,5,-1,False,False,empty_structure,invalid_to_invalid,False,False,False,0,
83018,1,5,1,False,False,empty_structure,invalid_to_invalid,False,False,False,0,
83018,1,6,-1,False,False,empty_structure,invalid_to_invalid,False,False,False,0,
83018,1,6,1,False,False,empty_structure,invalid_to_invalid,False,False,False,0,
83018,1,7,-1,False,False,empty_structure,invalid_to_invalid,False,False,False,0,
83018,1,7,1,False,False,empty_structure,invalid_to_invalid,False,False,False,0,
83018,1,8,-1,False,False,empty_structure,invalid_to_invalid,False,False,False,0,
83018,1,8,1,False,False,empty_structure,invalid_to_invalid,False,False,False,0,
83018,1,9,-1,False,False,empty_structure,invalid_to_invalid,False,False,False,-35,
83018,1,9,1,False,False,empty_structure,invalid_to_invalid,False,False,False,35,
83018,2,0,-1,False,False,empty_structure,invalid_to_invalid,False,False,False,0,
83018,2,0,1,False,False,empty_structure,invalid_to_invalid,False,False,False,0,
83018,2,1,-1,False,False,empty_structure,invalid_to_invalid,False,False,False,0,
83018,2,1,1,False,False,empty_structure,invalid_to_invalid,False,False,False,0,
83018,2,2,-1,False,False,empty_structure,invalid_to_invalid,False,False,False,0,
83018,2,2,1,False,False,empty_structure,invalid_to_invalid,False,False,False,0,
83018,2,3,-1,False,False,empty_structure,invalid_to_invalid,False,False,False,0,
83018,2,3,1,False,False,empty_structure,invalid_to_invalid,False,False,False,0,
83018,2,4,-1,False,False,empty_structure,invalid_to_invalid,False,False,False,0,
83018,2,4,1,False,False,empty_structure,invalid_to_invalid,False,False,False,0,
83018,2,5,-1,False,False,empty_structure,invalid_to_invalid,False,False,False,0,
83018,2,5,1,False,False,empty_structure,invalid_to_invalid,False,False,False,0,
83018,2,6,-1,False,False,empty_structure,invalid_to_invalid,False,False,False,0,
83018,2,6,1,False,False,empty_structure,invalid_to_invalid,True,False,False,0,
83018,2,7,-1,False,False,empty_structure,invalid_to_invalid,False,False,False,0,
83018,2,7,1,False,False,empty_structure,invalid_to_invalid,False,False,False,0,
83018,2,8,-1,False,False,empty_structure,invalid_to_invalid,False,False,False,0,
83018,2,8,1,False,False,empty_structure,invalid_to_invalid,False,False,False,0,
83018,2,9,-1,False,False,empty_structure,invalid_to_invalid,False,False,False,-35,
83018,2,9,1,False,False,empty_structure,invalid_to_invalid,False,False,False,35,
83018,3,0,-1,False,False,empty_structure,invalid_to_invalid,False,False,False,0,
83018,3,0,1,False,False,empty_structure,invalid_to_invalid,False,False,False,0,
83018,3,1,-1,False,False,empty_structure,invalid_to_invalid,False,False,False,0,
83018,3,1,1,False,False,empty_structure,invalid_to_invalid,False,False,False,0,
83018,3,2,-1,False,False,empty_structure,invalid_to_invalid,False,False,False,0,
83018,3,2,1,False,False,empty_structure,invalid_to_invalid,False,False,False,0,
83018,3,3,-1,False,False,empty_structure,invalid_to_invalid,False,False,False,0,
83018,3,3,1,False,False,empty_structure,invalid_to_invalid,False,False,False,0,
83018,3,4,-1,False,False,empty_structure,invalid_to_invalid,False,False,False,0,
83018,3,4,1,False,False,empty_structure,invalid_to_invalid,False,False,False,0,
83018,3,5,-1,False,False,empty_structure,invalid_to_invalid,False,False,False,0,
83018,3,5,1,False,False,empty_structure,invalid_to_invalid,False,False,False,0,
83018,3,6,-1,False,False,empty_structure,invalid_to_invalid,False,False,False,0,
83018,3,6,1,False,False,empty_structure,invalid_to_invalid,False,False,False,0,
83018,3,7,-1,False,False,empty_structure,invalid_to_invalid,False,False,False,0,
83018,3,7,1,False,False,empty_structure,invalid_to_invalid,False,False,False,0,
83018,3,8,-1,False,False,empty_structure,invalid_to_invalid,False,False,False,0,
83018,3,8,1,False,False,empty_structure,invalid_to_invalid,False,False,False,0,
83018,3,9,-1,False,False,empty_structure,invalid_to_invalid,False,False,False,-35,
83018,3,9,1,False,False,empty_structure,invalid_to_invalid,False,False,False,35,
83018,4,0,-1,True,True,developed,valid_to_valid,False,False,False,0,0
83018,4,0,1,True,True,developed,valid_to_valid,False,False,False,0,0
83018,4,1,-1,True,True,developed,valid_to_valid,False,False,False,0,0
83018,4,1,1,True,True,developed,valid_to_valid,False,False,False,0,0
83018,4,2,-1,True,True,developed,valid_to_valid,False,False,False,0,0
83018,4,2,1,True,True,developed,valid_to_valid,False,False,False,0,0
83018,4,3,-1,True,True,developed,valid_to_valid,False,False,False,0,0
83018,4,3,1,True,True,developed,valid_to_valid,False,False,False,0,0
83018,4,4,-1,True,True,developed,valid_to_valid,False,True,True,0,1/5
83018,4,4,1,True,True,developed,valid_to_valid,False,True,True,0,3/10
83018,4,5,-1,True,True,developed,valid_to_valid,False,True,False,0,0
83018,4,5,1,True,True,developed,valid_to_valid,False,True,False,0,0
83018,4,6,-1,True,True,developed,valid_to_valid,True,False,False,0,0
83018,4,6,1,True,False,empty_structure,valid_to_invalid,False,True,True,-1,
83018,4,7,-1,True,True,developed,valid_to_valid,False,True,True,1,7/32
83018,4,7,1,True,False,empty_structure,valid_to_invalid,False,True,True,-1,
83018,4,8,-1,True,True,developed,valid_to_valid,False,False,False,0,0
83018,4,8,1,True,True,developed,valid_to_valid,False,False,False,0,0
83018,4,9,-1,True,True,developed,valid_to_valid,False,True,False,-35,0
83018,4,9,1,True,True,developed,valid_to_valid,False,True,False,35,0
83019,0,0,-1,True,True,developed,valid_to_valid,False,False,False,0,0
83019,0,0,1,True,True,developed,valid_to_valid,False,False,False,0,0
83019,0,1,-1,True,True,developed,valid_to_valid,False,False,False,0,0
83019,0,1,1,True,True,developed,valid_to_valid,False,False,False,0,0
83019,0,2,-1,True,True,developed,valid_to_valid,True,False,False,0,0
83019,0,2,1,True,True,developed,valid_to_valid,False,True,True,0,1/20
83019,0,3,-1,True,True,developed,valid_to_valid,False,True,False,0,0
83019,0,3,1,True,True,developed,valid_to_valid,False,True,False,0,0
83019,0,4,-1,True,True,developed,valid_to_valid,False,True,True,0,1/5
83019,0,4,1,True,True,developed,valid_to_valid,False,True,True,0,1/5
83019,0,5,-1,True,True,developed,valid_to_valid,False,True,False,0,0
83019,0,5,1,True,True,developed,valid_to_valid,False,True,False,0,0
83019,0,6,-1,True,True,developed,valid_to_valid,True,False,False,0,0
83019,0,6,1,True,False,empty_structure,valid_to_invalid,False,True,True,-2,
83019,0,7,-1,True,True,developed,valid_to_valid,False,True,False,0,0
83019,0,7,1,True,False,empty_structure,valid_to_invalid,False,True,True,-2,
83019,0,8,-1,True,True,developed,valid_to_valid,False,False,False,0,0
83019,0,8,1,True,True,developed,valid_to_valid,False,False,False,0,0
83019,0,9,-1,True,True,developed,valid_to_valid,False,True,False,-35,0
83019,0,9,1,True,True,developed,valid_to_valid,False,True,False,35,0
83019,1,0,-1,False,False,empty_structure,invalid_to_invalid,False,False,False,0,
83019,1,0,1,False,False,empty_structure,invalid_to_invalid,False,False,False,0,
83019,1,1,-1,False,False,empty_structure,invalid_to_invalid,False,False,False,0,
83019,1,1,1,False,False,empty_structure,invalid_to_invalid,False,False,False,0,
83019,1,2,-1,False,False,empty_structure,invalid_to_invalid,False,False,False,0,
83019,1,2,1,False,False,empty_structure,invalid_to_invalid,False,False,False,0,
83019,1,3,-1,False,False,empty_structure,invalid_to_invalid,False,False,False,0,
83019,1,3,1,False,False,empty_structure,invalid_to_invalid,False,False,False,0,
83019,1,4,-1,False,False,empty_structure,invalid_to_invalid,False,False,False,0,
83019,1,4,1,False,False,empty_structure,invalid_to_invalid,False,False,False,0,
83019,1,5,-1,False,False,empty_structure,invalid_to_invalid,False,False,False,0,
83019,1,5,1,False,False,empty_structure,invalid_to_invalid,False,False,False,0,
83019,1,6,-1,False,False,empty_structure,invalid_to_invalid,False,False,False,0,
83019,1,6,1,False,False,empty_structure,invalid_to_invalid,False,False,False,0,
83019,1,7,-1,False,False,empty_structure,invalid_to_invalid,False,False,False,0,
83019,1,7,1,False,False,empty_structure,invalid_to_invalid,False,False,False,0,
83019,1,8,-1,False,False,empty_structure,invalid_to_invalid,False,False,False,0,
83019,1,8,1,False,False,empty_structure,invalid_to_invalid,False,False,False,0,
83019,1,9,-1,False,False,empty_structure,invalid_to_invalid,False,False,False,-35,
83019,1,9,1,False,False,empty_structure,invalid_to_invalid,False,False,False,35,
83019,2,0,-1,False,False,empty_structure,invalid_to_invalid,False,False,False,0,
83019,2,0,1,False,False,empty_structure,invalid_to_invalid,False,False,False,0,
83019,2,1,-1,False,False,empty_structure,invalid_to_invalid,False,False,False,0,
83019,2,1,1,False,False,empty_structure,invalid_to_invalid,False,False,False,0,
83019,2,2,-1,False,False,empty_structure,invalid_to_invalid,False,False,False,0,
83019,2,2,1,False,False,empty_structure,invalid_to_invalid,False,False,False,0,
83019,2,3,-1,False,False,empty_structure,invalid_to_invalid,False,False,False,0,
83019,2,3,1,False,False,empty_structure,invalid_to_invalid,False,False,False,0,
83019,2,4,-1,False,False,empty_structure,invalid_to_invalid,False,False,False,0,
83019,2,4,1,False,False,empty_structure,invalid_to_invalid,False,False,False,0,
83019,2,5,-1,False,False,empty_structure,invalid_to_invalid,False,False,False,0,
83019,2,5,1,False,False,empty_structure,invalid_to_invalid,False,False,False,0,
83019,2,6,-1,False,False,empty_structure,invalid_to_invalid,False,False,False,0,
83019,2,6,1,False,False,empty_structure,invalid_to_invalid,False,False,False,0,
83019,2,7,-1,False,False,empty_structure,invalid_to_invalid,False,False,False,0,
83019,2,7,1,False,False,empty_structure,invalid_to_invalid,False,False,False,0,
83019,2,8,-1,False,False,empty_structure,invalid_to_invalid,False,False,False,0,
83019,2,8,1,False,False,empty_structure,invalid_to_invalid,False,False,False,0,
83019,2,9,-1,False,False,empty_structure,invalid_to_invalid,True,False,False,0,
83019,2,9,1,False,False,empty_structure,invalid_to_invalid,False,False,False,35,
83019,3,0,-1,False,False,empty_structure,invalid_to_invalid,False,False,False,0,
83019,3,0,1,False,False,empty_structure,invalid_to_invalid,False,False,False,0,
83019,3,1,-1,False,False,empty_structure,invalid_to_invalid,False,False,False,0,
83019,3,1,1,False,False,empty_structure,invalid_to_invalid,False,False,False,0,
83019,3,2,-1,False,False,empty_structure,invalid_to_invalid,False,False,False,0,
83019,3,2,1,False,False,empty_structure,invalid_to_invalid,False,False,False,0,
83019,3,3,-1,False,False,empty_structure,invalid_to_invalid,False,False,False,0,
83019,3,3,1,False,False,empty_structure,invalid_to_invalid,False,False,False,0,
83019,3,4,-1,False,False,empty_structure,invalid_to_invalid,False,False,False,0,
83019,3,4,1,False,False,empty_structure,invalid_to_invalid,False,False,False,0,
83019,3,5,-1,False,False,empty_structure,invalid_to_invalid,False,False,False,0,
83019,3,5,1,False,False,empty_structure,invalid_to_invalid,False,False,False,0,
83019,3,6,-1,False,False,empty_structure,invalid_to_invalid,True,False,False,0,
83019,3,6,1,False,False,empty_structure,invalid_to_invalid,False,False,False,0,
83019,3,7,-1,False,False,empty_structure,invalid_to_invalid,False,False,False,0,
83019,3,7,1,False,False,empty_structure,invalid_to_invalid,False,False,False,0,
83019,3,8,-1,False,False,empty_structure,invalid_to_invalid,False,False,False,0,
83019,3,8,1,False,False,empty_structure,invalid_to_invalid,False,False,False,0,
83019,3,9,-1,False,False,empty_structure,invalid_to_invalid,False,False,False,-35,
83019,3,9,1,False,False,empty_structure,invalid_to_invalid,False,False,False,35,
83019,4,0,-1,False,False,empty_structure,invalid_to_invalid,False,False,False,0,
83019,4,0,1,False,False,empty_structure,invalid_to_invalid,False,False,False,0,
83019,4,1,-1,False,False,empty_structure,invalid_to_invalid,False,False,False,0,
83019,4,1,1,False,False,empty_structure,invalid_to_invalid,False,False,False,0,
83019,4,2,-1,False,False,empty_structure,invalid_to_invalid,False,False,False,0,
83019,4,2,1,False,False,empty_structure,invalid_to_invalid,False,False,False,0,
83019,4,3,-1,False,False,empty_structure,invalid_to_invalid,False,False,False,0,
83019,4,3,1,False,False,empty_structure,invalid_to_invalid,False,False,False,0,
83019,4,4,-1,False,False,empty_structure,invalid_to_invalid,False,False,False,0,
83019,4,4,1,False,False,empty_structure,invalid_to_invalid,False,False,False,0,
83019,4,5,-1,False,False,empty_structure,invalid_to_invalid,False,False,False,0,
83019,4,5,1,False,False,empty_structure,invalid_to_invalid,False,False,False,0,
83019,4,6,-1,False,False,empty_structure,invalid_to_invalid,False,False,False,0,
83019,4,6,1,False,False,empty_structure,invalid_to_invalid,False,False,False,0,
83019,4,7,-1,False,False,empty_structure,invalid_to_invalid,False,False,False,0,
83019,4,7,1,False,False,empty_structure,invalid_to_invalid,False,False,False,0,
83019,4,8,-1,False,False,empty_structure,invalid_to_invalid,False,False,False,0,
83019,4,8,1,False,False,empty_structure,invalid_to_invalid,False,False,False,0,
83019,4,9,-1,False,False,empty_structure,invalid_to_invalid,False,False,False,-35,
83019,4,9,1,False,False,empty_structure,invalid_to_invalid,True,False,False,0,
